000-索引/00-首頁.md	000-索引/000-00-idx-索引-首頁.md
000-索引/01-學習路徑.md	000-索引/000-01-idx-索引-學習路徑.md
000-索引/02-指令速查表.md	000-索引/000-02-ref-索引-指令速查表.md
000-索引/03-設定檔路徑速查.md	000-索引/000-03-ref-索引-設定檔路徑速查.md
000-索引/04-連接埠速查.md	000-索引/000-04-ref-索引-連接埠速查.md
000-索引/05-名詞解釋.md	000-索引/000-05-ref-索引-名詞解釋.md
010-基礎概論/00-基礎概論-總覽-索引.md	010-基礎概論/010-00-idx-基礎概論-總覽.md
010-基礎概論/01-計算機概論/00-計算機概論-索引.md	010-基礎概論/01-計算機概論/010-01-00-idx-計算機概論.md
010-基礎概論/01-計算機概論/01-計概-電腦到底是什麼.md	010-基礎概論/01-計算機概論/010-01-01-cmd-計概-電腦到底是什麼.md
010-基礎概論/01-計算機概論/02-計概-主機裡面有什麼.md	010-基礎概論/01-計算機概論/010-01-02-guide-計概-主機裡面有什麼.md
010-基礎概論/01-計算機概論/03-計概-0與1和資料單位.md	010-基礎概論/01-計算機概論/010-01-03-cmd-計概-0與1和資料單位.md
010-基礎概論/01-計算機概論/04-計概-數字系統與文字編碼.md	010-基礎概論/01-計算機概論/010-01-04-cmd-計概-數字系統與文字編碼.md
010-基礎概論/01-計算機概論/05-計概-CPU如何工作.md	010-基礎概論/01-計算機概論/010-01-05-guide-計概-CPU如何工作.md
010-基礎概論/01-計算機概論/06-計概-記憶體與儲存階層.md	010-基礎概論/01-計算機概論/010-01-06-guide-計概-記憶體與儲存階層.md
010-基礎概論/01-計算機概論/07-計概-磁碟格式化與RAID入門.md	010-基礎概論/01-計算機概論/010-01-07-guide-計概-磁碟格式化與RAID入門.md
010-基礎概論/01-計算機概論/08-計概-作業系統是什麼.md	010-基礎概論/01-計算機概論/010-01-08-guide-計概-作業系統是什麼.md
010-基礎概論/01-計算機概論/09-計概-檔案與檔案系統.md	010-基礎概論/01-計算機概論/010-01-09-guide-計概-檔案與檔案系統.md
010-基礎概論/01-計算機概論/10-計概-軟體授權與程式怎麼跑起來.md	010-基礎概論/01-計算機概論/010-01-10-guide-計概-軟體授權與程式怎麼跑起來.md
010-基礎概論/01-計算機概論/11-計概-程式程序與多工.md	010-基礎概論/01-計算機概論/010-01-11-guide-計概-程式程序與多工.md
010-基礎概論/01-計算機概論/12-計概-輸入輸出與週邊設備.md	010-基礎概論/01-計算機概論/010-01-12-guide-計概-輸入輸出與週邊設備.md
010-基礎概論/01-計算機概論/13-計概-圖片聲音與影片.md	010-基礎概論/01-計算機概論/010-01-13-guide-計概-圖片聲音與影片.md
010-基礎概論/01-計算機概論/14-計概-資料庫是什麼.md	010-基礎概論/01-計算機概論/010-01-14-guide-計概-資料庫是什麼.md
010-基礎概論/01-計算機概論/15-計概-電力基礎與用電安全.md	010-基礎概論/01-計算機概論/010-01-15-guide-計概-電力基礎與用電安全.md
010-基礎概論/01-計算機概論/16-計概-網路初體驗.md	010-基礎概論/01-計算機概論/010-01-16-guide-計概-網路初體驗.md
010-基礎概論/01-計算機概論/17-計概-雲端虛擬化與容器.md	010-基礎概論/01-計算機概論/010-01-17-guide-計概-雲端虛擬化與容器.md
010-基礎概論/01-計算機概論/18-計概-資訊安全初步.md	010-基礎概論/01-計算機概論/010-01-18-guide-計概-資訊安全初步.md
010-基礎概論/01-計算機概論/19-計概-電腦規格與選購.md	010-基礎概論/01-計算機概論/010-01-19-guide-計概-電腦規格與選購.md
010-基礎概論/01-計算機概論/20-計概-資訊常見術語白話對照.md	010-基礎概論/01-計算機概論/010-01-20-ref-計概-資訊常見術語白話對照.md
010-基礎概論/02-計算機網路/00-計算機網路-索引.md	010-基礎概論/02-計算機網路/010-02-00-idx-計算機網路.md
010-基礎概論/02-計算機網路/01-網概-網路是什麼.md	010-基礎概論/02-計算機網路/010-02-01-guide-網概-網路是什麼.md
010-基礎概論/02-計算機網路/02-網概-ISP與上網方式.md	010-基礎概論/02-計算機網路/010-02-02-guide-網概-ISP與上網方式.md
010-基礎概論/02-計算機網路/03-網概-網路分層模型.md	010-基礎概論/02-計算機網路/010-02-03-guide-網概-網路分層模型.md
010-基礎概論/02-計算機網路/04-網概-線材與實體層.md	010-基礎概論/02-計算機網路/010-02-04-guide-網概-線材與實體層.md
010-基礎概論/02-計算機網路/05-網概-MAC位址與交換器.md	010-基礎概論/02-計算機網路/010-02-05-guide-網概-MAC位址與交換器.md
010-基礎概論/02-計算機網路/06-網概-IP位址與子網路.md	010-基礎概論/02-計算機網路/010-02-06-guide-網概-IP位址與子網路.md
010-基礎概論/02-計算機網路/07-網概-路由與封包旅程.md	010-基礎概論/02-計算機網路/010-02-07-guide-網概-路由與封包旅程.md
010-基礎概論/02-計算機網路/08-網概-NAT與私有位址.md	010-基礎概論/02-計算機網路/010-02-08-guide-網概-NAT與私有位址.md
010-基礎概論/02-計算機網路/09-網概-TCP與UDP.md	010-基礎概論/02-計算機網路/010-02-09-guide-網概-TCP與UDP.md
010-基礎概論/02-計算機網路/10-網概-連接埠與應用層協定.md	010-基礎概論/02-計算機網路/010-02-10-guide-網概-連接埠與應用層協定.md
010-基礎概論/02-計算機網路/11-網概-DNS網域名稱系統.md	010-基礎概論/02-計算機網路/010-02-11-guide-網概-DNS網域名稱系統.md
010-基礎概論/02-計算機網路/12-網概-DHCP自動取得設定.md	010-基礎概論/02-計算機網路/010-02-12-guide-網概-DHCP自動取得設定.md
010-基礎概論/02-計算機網路/13-網概-HTTP與HTTPS.md	010-基礎概論/02-計算機網路/010-02-13-guide-網概-HTTP與HTTPS.md
010-基礎概論/02-計算機網路/14-網概-一個網頁請求的完整旅程.md	010-基礎概論/02-計算機網路/010-02-14-guide-網概-一個網頁請求的完整旅程.md
010-基礎概論/02-計算機網路/15-網概-無線網路與WiFi.md	010-基礎概論/02-計算機網路/010-02-15-guide-網概-無線網路與WiFi.md
010-基礎概論/02-計算機網路/16-網概-VLAN與網路分段.md	010-基礎概論/02-計算機網路/010-02-16-guide-網概-VLAN與網路分段.md
010-基礎概論/02-計算機網路/17-網概-網路排錯入門.md	010-基礎概論/02-計算機網路/010-02-17-guide-網概-網路排錯入門.md
010-基礎概論/02-計算機網路/18-網概-網路安全基礎.md	010-基礎概論/02-計算機網路/010-02-18-guide-網概-網路安全基礎.md
020-Linux/00-Linux-總覽-索引.md	020-Linux/020-00-idx-Linux-總覽.md
020-Linux/01-Linux基礎/00-Linux基礎-索引.md	020-Linux/01-Linux基礎/020-01-00-idx-Linux基礎.md
020-Linux/01-Linux基礎/01-Linux是什麼與發行版選擇.md	020-Linux/01-Linux基礎/020-01-01-guide-Linux-Linux是什麼與發行版選擇.md
020-Linux/01-Linux基礎/02-實驗環境準備與初次登入.md	020-Linux/01-Linux基礎/020-01-02-guide-Linux-實驗環境準備與初次登入.md
020-Linux/01-Linux基礎/03-終端機與Shell入門.md	020-Linux/01-Linux基礎/020-01-03-cmd-Linux-終端機與Shell入門.md
020-Linux/01-Linux基礎/04-檔案系統與目錄結構.md	020-Linux/01-Linux基礎/020-01-04-cmd-Linux-檔案系統與目錄結構.md
020-Linux/01-Linux基礎/05-路徑導覽與檔案操作.md	020-Linux/01-Linux基礎/020-01-05-cmd-Linux-路徑導覽與檔案操作.md
020-Linux/01-Linux基礎/06-檢視檔案內容.md	020-Linux/01-Linux基礎/020-01-06-cmd-Linux-檢視檔案內容.md
020-Linux/01-Linux基礎/07-尋找檔案與內容.md	020-Linux/01-Linux基礎/020-01-07-cmd-Linux-尋找檔案與內容.md
020-Linux/01-Linux基礎/08-檔案權限與擁有者.md	020-Linux/01-Linux基礎/020-01-08-cmd-Linux-檔案權限與擁有者.md
020-Linux/01-Linux基礎/09-使用者與群組管理.md	020-Linux/01-Linux基礎/020-01-09-cmd-Linux-使用者與群組管理.md
020-Linux/01-Linux基礎/10-程序管理與訊號.md	020-Linux/01-Linux基礎/020-01-10-cmd-Linux-程序管理與訊號.md
020-Linux/01-Linux基礎/11-輸入輸出重導向與管線.md	020-Linux/01-Linux基礎/020-01-11-cmd-Linux-輸入輸出重導向與管線.md
020-Linux/01-Linux基礎/12-文字處理三劍客.md	020-Linux/01-Linux基礎/020-01-12-cmd-Linux-文字處理三劍客.md
020-Linux/01-Linux基礎/13-壓縮與封存.md	020-Linux/01-Linux基礎/020-01-13-cmd-Linux-壓縮與封存.md
020-Linux/01-Linux基礎/14-套件管理.md	020-Linux/01-Linux基礎/020-01-14-guide-Linux-套件管理.md
020-Linux/01-Linux基礎/15-磁碟分割與掛載.md	020-Linux/01-Linux基礎/020-01-15-cmd-Linux-磁碟分割與掛載.md
020-Linux/01-Linux基礎/16-網路基礎指令.md	020-Linux/01-Linux基礎/020-01-16-cmd-Linux-網路基礎指令.md
020-Linux/01-Linux基礎/17-systemd服務管理.md	020-Linux/01-Linux基礎/020-01-17-cmd-Linux-systemd服務管理.md
020-Linux/01-Linux基礎/18-排程工作.md	020-Linux/01-Linux基礎/020-01-18-guide-Linux-排程工作.md
020-Linux/01-Linux基礎/19-日誌系統.md	020-Linux/01-Linux基礎/020-01-19-guide-Linux-日誌系統.md
020-Linux/01-Linux基礎/20-環境變數與設定檔.md	020-Linux/01-Linux基礎/020-01-20-guide-Linux-環境變數與設定檔.md
020-Linux/01-Linux基礎/21-Shell腳本入門.md	020-Linux/01-Linux基礎/020-01-21-cmd-Linux-Shell腳本入門.md
020-Linux/01-Linux基礎/22-Shell腳本進階.md	020-Linux/01-Linux基礎/020-01-22-guide-Linux-Shell腳本進階.md
020-Linux/01-Linux基礎/23-Linux常見疑難排解.md	020-Linux/01-Linux基礎/020-01-23-guide-Linux-Linux常見疑難排解.md
020-Linux/01-Linux基礎/24-進階儲存-ZFS與Btrfs.md	020-Linux/01-Linux基礎/020-01-24-guide-進階儲存-ZFS與Btrfs.md
020-Linux/01-Linux基礎/25-開機流程與GRUB救援.md	020-Linux/01-Linux基礎/020-01-25-guide-Linux-開機流程與GRUB救援.md
020-Linux/01-Linux基礎/26-核心模組與sysctl調校.md	020-Linux/01-Linux基礎/020-01-26-guide-Linux-核心模組與sysctl調校.md
020-Linux/01-Linux基礎/27-硬體資訊與裝置管理.md	020-Linux/01-Linux基礎/020-01-27-cmd-Linux-硬體資訊與裝置管理.md
020-Linux/01-Linux基礎/28-時間同步NTP與chrony.md	020-Linux/01-Linux基礎/020-01-28-cmd-Linux-時間同步NTP與chrony.md
020-Linux/01-Linux基礎/29-網路儲存與軟體RAID.md	020-Linux/01-Linux基礎/020-01-29-guide-Linux-網路儲存與軟體RAID.md
020-Linux/01-Linux基礎/30-原始碼安裝與系統升級.md	020-Linux/01-Linux基礎/020-01-30-guide-Linux-原始碼安裝與系統升級.md
020-Linux/02-Linux伺服器管理/00-Linux伺服器管理-索引.md	020-Linux/02-Linux伺服器管理/020-02-00-idx-Linux伺服器管理.md
020-Linux/02-Linux伺服器管理/01-SSH與遠端管理/00-SSH-索引.md	020-Linux/02-Linux伺服器管理/01-SSH與遠端管理/020-02-01-00-idx-SSH.md
020-Linux/02-Linux伺服器管理/01-SSH與遠端管理/01-SSH-原理與第一次連線.md	020-Linux/02-Linux伺服器管理/01-SSH與遠端管理/020-02-01-01-cmd-SSH-原理與第一次連線.md
020-Linux/02-Linux伺服器管理/01-SSH與遠端管理/02-SSH-金鑰認證與ssh-agent.md	020-Linux/02-Linux伺服器管理/01-SSH與遠端管理/020-02-01-02-cmd-SSH-金鑰認證與ssh-agent.md
020-Linux/02-Linux伺服器管理/01-SSH與遠端管理/03-SSH-客戶端設定檔.md	020-Linux/02-Linux伺服器管理/01-SSH與遠端管理/020-02-01-03-svc-SSH-客戶端設定檔.md
020-Linux/02-Linux伺服器管理/01-SSH與遠端管理/04-sshd-伺服器端設定.md	020-Linux/02-Linux伺服器管理/01-SSH與遠端管理/020-02-01-04-svc-sshd-伺服器端設定.md
020-Linux/02-Linux伺服器管理/01-SSH與遠端管理/05-SSH-隧道與埠轉發.md	020-Linux/02-Linux伺服器管理/01-SSH與遠端管理/020-02-01-05-cmd-SSH-隧道與埠轉發.md
020-Linux/02-Linux伺服器管理/01-SSH與遠端管理/06-SFTP-與受限使用者.md	020-Linux/02-Linux伺服器管理/01-SSH與遠端管理/020-02-01-06-svc-SFTP-與受限使用者.md
020-Linux/02-Linux伺服器管理/01-SSH與遠端管理/07-SSH-安全強化.md	020-Linux/02-Linux伺服器管理/01-SSH與遠端管理/020-02-01-07-svc-SSH-安全強化.md
020-Linux/02-Linux伺服器管理/02-系統服務與排程/00-系統服務與排程-索引.md	020-Linux/02-Linux伺服器管理/02-系統服務與排程/020-02-02-00-idx-systemd-系統服務與排程.md
020-Linux/02-Linux伺服器管理/02-系統服務與排程/01-systemd-unit撰寫實戰.md	020-Linux/02-Linux伺服器管理/02-系統服務與排程/020-02-02-01-svc-systemd-unit撰寫實戰.md
020-Linux/02-Linux伺服器管理/02-系統服務與排程/02-systemd-timer與cron選型.md	020-Linux/02-Linux伺服器管理/02-系統服務與排程/020-02-02-02-cmd-systemd-timer與cron選型.md
020-Linux/02-Linux伺服器管理/02-系統服務與排程/03-cron排程實務與陷阱.md	020-Linux/02-Linux伺服器管理/02-系統服務與排程/020-02-02-03-cmd-systemd-cron排程實務與陷阱.md
020-Linux/02-Linux伺服器管理/02-系統服務與排程/04-服務自動復原與看門狗.md	020-Linux/02-Linux伺服器管理/02-系統服務與排程/020-02-02-04-svc-systemd-服務自動復原與看門狗.md
020-Linux/02-Linux伺服器管理/02-系統服務與排程/05-PM2與systemd整合.md	020-Linux/02-Linux伺服器管理/02-系統服務與排程/020-02-02-05-svc-systemd-PM2與systemd整合.md
020-Linux/02-Linux伺服器管理/03-伺服器建置與標準化/00-伺服器建置與標準化-索引.md	020-Linux/02-Linux伺服器管理/03-伺服器建置與標準化/020-02-03-00-idx-標準化-伺服器建置與標準化.md
020-Linux/02-Linux伺服器管理/03-伺服器建置與標準化/01-新機建置標準流程.md	020-Linux/02-Linux伺服器管理/03-伺服器建置與標準化/020-02-03-01-svc-標準化-新機建置標準流程.md
020-Linux/02-Linux伺服器管理/03-伺服器建置與標準化/02-基準設定與範本化.md	020-Linux/02-Linux伺服器管理/03-伺服器建置與標準化/020-02-03-02-ref-標準化-基準設定與範本化.md
020-Linux/02-Linux伺服器管理/03-伺服器建置與標準化/03-第三方APT套件庫實務.md	020-Linux/02-Linux伺服器管理/03-伺服器建置與標準化/020-02-03-03-cmd-標準化-第三方APT套件庫實務.md
020-Linux/02-Linux伺服器管理/03-伺服器建置與標準化/04-自建APT套件庫.md	020-Linux/02-Linux伺服器管理/03-伺服器建置與標準化/020-02-03-04-svc-標準化-自建APT套件庫.md
020-Linux/02-Linux伺服器管理/03-伺服器建置與標準化/05-自動化佈建入門.md	020-Linux/02-Linux伺服器管理/03-伺服器建置與標準化/020-02-03-05-svc-標準化-自動化佈建入門.md
030-Windows/00-Windows-總覽-索引.md	030-Windows/030-00-idx-Windows-總覽.md
030-Windows/01-Windows系統管理/00-Windows管理-索引.md	030-Windows/01-Windows系統管理/030-01-00-idx-Windows系統管理-Windows管理.md
030-Windows/01-Windows系統管理/01-WindowsServer基礎/00-WindowsServer基礎-索引.md	030-Windows/01-Windows系統管理/01-WindowsServer基礎/030-01-01-00-idx-WinServer-WindowsServer基礎.md
030-Windows/01-Windows系統管理/01-WindowsServer基礎/01-WindowsServer版本與授權.md	030-Windows/01-Windows系統管理/01-WindowsServer基礎/030-01-01-01-guide-WinServer-WindowsServer版本與授權.md
030-Windows/01-Windows系統管理/01-WindowsServer基礎/02-WindowsServer安裝與初始設定.md	030-Windows/01-Windows系統管理/01-WindowsServer基礎/030-01-01-02-svc-WinServer-WindowsServer安裝與初始設定.md
030-Windows/01-Windows系統管理/01-WindowsServer基礎/03-伺服器管理員與角色功能.md	030-Windows/01-Windows系統管理/01-WindowsServer基礎/030-01-01-03-guide-WinServer-伺服器管理員與角色功能.md
030-Windows/01-Windows系統管理/01-WindowsServer基礎/04-PowerShell基礎與遠端管理.md	030-Windows/01-Windows系統管理/01-WindowsServer基礎/030-01-01-04-guide-WinServer-PowerShell基礎與遠端管理.md
030-Windows/01-Windows系統管理/01-WindowsServer基礎/05-Windows更新管理.md	030-Windows/01-Windows系統管理/01-WindowsServer基礎/030-01-01-05-guide-WinServer-Windows更新管理.md
030-Windows/01-Windows系統管理/02-ActiveDirectory/00-ActiveDirectory-索引.md	030-Windows/01-Windows系統管理/02-ActiveDirectory/030-01-02-00-idx-ActiveDirectory.md
030-Windows/01-Windows系統管理/02-ActiveDirectory/01-AD概念與網域架構.md	030-Windows/01-Windows系統管理/02-ActiveDirectory/030-01-02-01-guide-AD-AD概念與網域架構.md
030-Windows/01-Windows系統管理/02-ActiveDirectory/02-網域控制站建置.md	030-Windows/01-Windows系統管理/02-ActiveDirectory/030-01-02-02-svc-AD-網域控制站建置.md
030-Windows/01-Windows系統管理/02-ActiveDirectory/03-使用者與群組管理AD.md	030-Windows/01-Windows系統管理/02-ActiveDirectory/030-01-02-03-guide-AD-使用者與群組管理AD.md
030-Windows/01-Windows系統管理/02-ActiveDirectory/04-電腦加入網域與管理.md	030-Windows/01-Windows系統管理/02-ActiveDirectory/030-01-02-04-guide-AD-電腦加入網域與管理.md
030-Windows/01-Windows系統管理/02-ActiveDirectory/05-AD與DNS-DHCP整合.md	030-Windows/01-Windows系統管理/02-ActiveDirectory/030-01-02-05-guide-AD-AD與DNS-DHCP整合.md
030-Windows/01-Windows系統管理/02-ActiveDirectory/06-AD備份與還原.md	030-Windows/01-Windows系統管理/02-ActiveDirectory/030-01-02-06-svc-AD-AD備份與還原.md
030-Windows/01-Windows系統管理/02-ActiveDirectory/07-AD健康檢查與疑難排解.md	030-Windows/01-Windows系統管理/02-ActiveDirectory/030-01-02-07-guide-AD-AD健康檢查與疑難排解.md
030-Windows/01-Windows系統管理/02-ActiveDirectory/08-AD安全強化.md	030-Windows/01-Windows系統管理/02-ActiveDirectory/030-01-02-08-guide-AD-AD安全強化.md
030-Windows/01-Windows系統管理/03-群組原則GPO/00-群組原則-索引.md	030-Windows/01-Windows系統管理/03-群組原則GPO/030-01-03-00-idx-群組原則.md
030-Windows/01-Windows系統管理/03-群組原則GPO/01-群組原則概念與運作.md	030-Windows/01-Windows系統管理/03-群組原則GPO/030-01-03-01-guide-GPO-群組原則概念與運作.md
030-Windows/01-Windows系統管理/03-群組原則GPO/02-GPO建立與連結.md	030-Windows/01-Windows系統管理/03-群組原則GPO/030-01-03-02-guide-GPO-GPO建立與連結.md
030-Windows/01-Windows系統管理/03-群組原則GPO/03-常用電腦與使用者原則.md	030-Windows/01-Windows系統管理/03-群組原則GPO/030-01-03-03-guide-GPO-常用電腦與使用者原則.md
030-Windows/01-Windows系統管理/03-群組原則GPO/04-GPO-軟體派送與腳本.md	030-Windows/01-Windows系統管理/03-群組原則GPO/030-01-03-04-guide-GPO-軟體派送與腳本.md
030-Windows/01-Windows系統管理/03-群組原則GPO/05-GPO偏好設定與磁碟機對應.md	030-Windows/01-Windows系統管理/03-群組原則GPO/030-01-03-05-guide-GPO-GPO偏好設定與磁碟機對應.md
030-Windows/01-Windows系統管理/03-群組原則GPO/06-GPO疑難排解.md	030-Windows/01-Windows系統管理/03-群組原則GPO/030-01-03-06-guide-GPO-GPO疑難排解.md
030-Windows/01-Windows系統管理/04-WDS系統部署/00-WDS-索引.md	030-Windows/01-Windows系統管理/04-WDS系統部署/030-01-04-00-idx-WDS.md
030-Windows/01-Windows系統管理/04-WDS系統部署/01-WDS概念與環境需求.md	030-Windows/01-Windows系統管理/04-WDS系統部署/030-01-04-01-guide-WDS-WDS概念與環境需求.md
030-Windows/01-Windows系統管理/04-WDS系統部署/02-WDS安裝與設定.md	030-Windows/01-Windows系統管理/04-WDS系統部署/030-01-04-02-svc-WDS-WDS安裝與設定.md
030-Windows/01-Windows系統管理/04-WDS系統部署/03-開機與安裝映像製作.md	030-Windows/01-Windows系統管理/04-WDS系統部署/030-01-04-03-svc-WDS-開機與安裝映像製作.md
030-Windows/01-Windows系統管理/04-WDS系統部署/04-無人值守安裝與應答檔.md	030-Windows/01-Windows系統管理/04-WDS系統部署/030-01-04-04-svc-WDS-無人值守安裝與應答檔.md
030-Windows/01-Windows系統管理/04-WDS系統部署/05-網路電腦部署實務.md	030-Windows/01-Windows系統管理/04-WDS系統部署/030-01-04-05-svc-WDS-網路電腦部署實務.md
030-Windows/01-Windows系統管理/05-Windows故障排除/00-Windows故障排除-索引.md	030-Windows/01-Windows系統管理/05-Windows故障排除/030-01-05-00-idx-Win排錯-Windows故障排除.md
030-Windows/01-Windows系統管理/05-Windows故障排除/01-開機與藍畫面問題.md	030-Windows/01-Windows系統管理/05-Windows故障排除/030-01-05-01-guide-Win排錯-開機與藍畫面問題.md
030-Windows/01-Windows系統管理/05-Windows故障排除/02-效能與資源問題.md	030-Windows/01-Windows系統管理/05-Windows故障排除/030-01-05-02-guide-Win排錯-效能與資源問題.md
030-Windows/01-Windows系統管理/05-Windows故障排除/03-網路與網域連線問題.md	030-Windows/01-Windows系統管理/05-Windows故障排除/030-01-05-03-guide-Win排錯-網路與網域連線問題.md
030-Windows/01-Windows系統管理/05-Windows故障排除/04-使用者設定檔與權限問題.md	030-Windows/01-Windows系統管理/05-Windows故障排除/030-01-05-04-svc-Win排錯-使用者設定檔與權限問題.md
030-Windows/01-Windows系統管理/05-Windows故障排除/05-事件檢視器與日誌分析.md	030-Windows/01-Windows系統管理/05-Windows故障排除/030-01-05-05-guide-Win排錯-事件檢視器與日誌分析.md
040-網路與網路設備/00-網路與設備-總覽-索引.md	040-網路與網路設備/040-00-idx-網路與設備-總覽.md
040-網路與網路設備/01-網路基礎與設備/00-網路設備-索引.md	040-網路與網路設備/01-網路基礎與設備/040-01-00-idx-網路設備.md
040-網路與網路設備/01-網路基礎與設備/01-網路架構基礎.md	040-網路與網路設備/01-網路基礎與設備/040-01-01-guide-網路設備-網路架構基礎.md
040-網路與網路設備/01-網路基礎與設備/02-IP位址規劃與子網切分.md	040-網路與網路設備/01-網路基礎與設備/040-01-02-guide-網路設備-IP位址規劃與子網切分.md
040-網路與網路設備/01-網路基礎與設備/03-VLAN概念與規劃.md	040-網路與網路設備/01-網路基礎與設備/040-01-03-guide-網路設備-VLAN概念與規劃.md
040-網路與網路設備/01-網路基礎與設備/04-交換器初次設定與連線方式.md	040-網路與網路設備/01-網路基礎與設備/040-01-04-guide-網路設備-交換器初次設定與連線方式.md
040-網路與網路設備/01-網路基礎與設備/05-Juniper-JunOS-基礎操作.md	040-網路與網路設備/01-網路基礎與設備/040-01-05-cmd-Juniper-JunOS-基礎操作.md
040-網路與網路設備/01-網路基礎與設備/06-Juniper-VLAN與Trunk設定.md	040-網路與網路設備/01-網路基礎與設備/040-01-06-guide-Juniper-VLAN與Trunk設定.md
040-網路與網路設備/01-網路基礎與設備/07-Juniper-管理IP與遠端存取.md	040-網路與網路設備/01-網路基礎與設備/040-01-07-guide-Juniper-管理IP與遠端存取.md
040-網路與網路設備/01-網路基礎與設備/08-Juniper-埠設定與安全.md	040-網路與網路設備/01-網路基礎與設備/040-01-08-guide-Juniper-埠設定與安全.md
040-網路與網路設備/01-網路基礎與設備/09-Juniper-設定備份與韌體升級.md	040-網路與網路設備/01-網路基礎與設備/040-01-09-svc-Juniper-設定備份與韌體升級.md
040-網路與網路設備/01-網路基礎與設備/10-Cisco-IOS-基礎操作.md	040-網路與網路設備/01-網路基礎與設備/040-01-10-cmd-Cisco-IOS-基礎操作.md
040-網路與網路設備/01-網路基礎與設備/11-Cisco-VLAN與Trunk設定.md	040-網路與網路設備/01-網路基礎與設備/040-01-11-guide-Cisco-VLAN與Trunk設定.md
040-網路與網路設備/01-網路基礎與設備/12-Cisco-管理IP與遠端存取.md	040-網路與網路設備/01-網路基礎與設備/040-01-12-guide-Cisco-管理IP與遠端存取.md
040-網路與網路設備/01-網路基礎與設備/13-Cisco-埠設定與安全.md	040-網路與網路設備/01-網路基礎與設備/040-01-13-guide-Cisco-埠設定與安全.md
040-網路與網路設備/01-網路基礎與設備/14-Cisco-設定備份與韌體升級.md	040-網路與網路設備/01-網路基礎與設備/040-01-14-svc-Cisco-設定備份與韌體升級.md
040-網路與網路設備/01-網路基礎與設備/15-Juniper與Cisco指令對照.md	040-網路與網路設備/01-網路基礎與設備/040-01-15-cmd-網路設備-Juniper與Cisco指令對照.md
040-網路與網路設備/01-網路基礎與設備/16-鏈路聚合與STP.md	040-網路與網路設備/01-網路基礎與設備/040-01-16-guide-網路設備-鏈路聚合與STP.md
040-網路與網路設備/01-網路基礎與設備/17-交換器故障排除.md	040-網路與網路設備/01-網路基礎與設備/040-01-17-guide-網路設備-交換器故障排除.md
040-網路與網路設備/01-網路基礎與設備/18-網路設備盤點與文件化.md	040-網路與網路設備/01-網路基礎與設備/040-01-18-guide-網路設備-網路設備盤點與文件化.md
040-網路與網路設備/01-網路基礎與設備/19-交換器汰換與遷移實務.md	040-網路與網路設備/01-網路基礎與設備/040-01-19-guide-網路設備-交換器汰換與遷移實務.md
040-網路與網路設備/02-機房與硬體管理/00-機房與硬體-索引.md	040-網路與網路設備/02-機房與硬體管理/040-02-00-idx-機房與硬體.md
040-網路與網路設備/02-機房與硬體管理/01-機房環境需求.md	040-網路與網路設備/02-機房與硬體管理/040-02-01-guide-機房-機房環境需求.md
040-網路與網路設備/02-機房與硬體管理/02-空調系統與溫溼度監控.md	040-網路與網路設備/02-機房與硬體管理/040-02-02-guide-機房-空調系統與溫溼度監控.md
040-網路與網路設備/02-機房與硬體管理/03-機櫃規劃與設備上架.md	040-網路與網路設備/02-機房與硬體管理/040-02-03-guide-機房-機櫃規劃與設備上架.md
040-網路與網路設備/02-機房與硬體管理/04-電力系統與配電.md	040-網路與網路設備/02-機房與硬體管理/040-02-04-guide-機房-電力系統與配電.md
040-網路與網路設備/02-機房與硬體管理/05-UPS選型與容量計算.md	040-網路與網路設備/02-機房與硬體管理/040-02-05-guide-機房-UPS選型與容量計算.md
040-網路與網路設備/02-機房與硬體管理/06-UPS安裝與監控設定.md	040-網路與網路設備/02-機房與硬體管理/040-02-06-svc-機房-UPS安裝與監控設定.md
040-網路與網路設備/02-機房與硬體管理/07-UPS電池維護與更換.md	040-網路與網路設備/02-機房與硬體管理/040-02-07-guide-機房-UPS電池維護與更換.md
040-網路與網路設備/02-機房與硬體管理/08-結構化佈線與標籤規範.md	040-網路與網路設備/02-機房與硬體管理/040-02-08-guide-機房-結構化佈線與標籤規範.md
040-網路與網路設備/02-機房與硬體管理/09-伺服器上架與初始設定.md	040-網路與網路設備/02-機房與硬體管理/040-02-09-guide-機房-伺服器上架與初始設定.md
040-網路與網路設備/02-機房與硬體管理/10-機房巡檢與紀錄.md	040-網路與網路設備/02-機房與硬體管理/040-02-10-guide-機房-機房巡檢與紀錄.md
040-網路與網路設備/02-機房與硬體管理/11-資訊設備盤點.md	040-網路與網路設備/02-機房與硬體管理/040-02-11-guide-機房-資訊設備盤點.md
040-網路與網路設備/02-機房與硬體管理/12-設備生命週期管理.md	040-網路與網路設備/02-機房與硬體管理/040-02-12-guide-機房-設備生命週期管理.md
040-網路與網路設備/02-機房與硬體管理/13-機房實體安全.md	040-網路與網路設備/02-機房與硬體管理/040-02-13-guide-機房-機房實體安全.md
040-網路與網路設備/02-機房與硬體管理/14-機房異常應變.md	040-網路與網路設備/02-機房與硬體管理/040-02-14-guide-機房-機房異常應變.md
050-虛擬機與容器/00-虛擬機與容器-總覽-索引.md	050-虛擬機與容器/050-00-idx-虛擬機與容器-總覽.md
050-虛擬機與容器/01-虛擬化平台/00-虛擬化平台-索引.md	050-虛擬機與容器/01-虛擬化平台/050-01-00-idx-虛擬化平台.md
050-虛擬機與容器/01-虛擬化平台/01-虛擬化概念與選型.md	050-虛擬機與容器/01-虛擬化平台/050-01-01-guide-PVE-虛擬化概念與選型.md
050-虛擬機與容器/01-虛擬化平台/02-PVE-安裝與初始設定.md	050-虛擬機與容器/01-虛擬化平台/050-01-02-svc-PVE-安裝與初始設定.md
050-虛擬機與容器/01-虛擬化平台/03-PVE-儲存設定.md	050-虛擬機與容器/01-虛擬化平台/050-01-03-guide-PVE-儲存設定.md
050-虛擬機與容器/01-虛擬化平台/04-PVE-虛擬機管理.md	050-虛擬機與容器/01-虛擬化平台/050-01-04-guide-PVE-虛擬機管理.md
050-虛擬機與容器/01-虛擬化平台/05-PVE-LXC容器管理.md	050-虛擬機與容器/01-虛擬化平台/050-01-05-guide-PVE-LXC容器管理.md
050-虛擬機與容器/01-虛擬化平台/06-PVE-網路設定.md	050-虛擬機與容器/01-虛擬化平台/050-01-06-guide-PVE-網路設定.md
050-虛擬機與容器/01-虛擬化平台/07-PVE-備份與還原.md	050-虛擬機與容器/01-虛擬化平台/050-01-07-svc-PVE-備份與還原.md
050-虛擬機與容器/01-虛擬化平台/08-PVE-叢集與高可用.md	050-虛擬機與容器/01-虛擬化平台/050-01-08-svc-PVE-叢集與高可用.md
050-虛擬機與容器/01-虛擬化平台/09-PVE-使用者權限與API.md	050-虛擬機與容器/01-虛擬化平台/050-01-09-guide-PVE-使用者權限與API.md
050-虛擬機與容器/01-虛擬化平台/10-PVE-監控與資源調校.md	050-虛擬機與容器/01-虛擬化平台/050-01-10-svc-PVE-監控與資源調校.md
050-虛擬機與容器/01-虛擬化平台/11-PVE-硬體直通與GPU.md	050-虛擬機與容器/01-虛擬化平台/050-01-11-guide-PVE-硬體直通與GPU.md
050-虛擬機與容器/01-虛擬化平台/12-PVE-升級與維護.md	050-虛擬機與容器/01-虛擬化平台/050-01-12-svc-PVE-升級與維護.md
050-虛擬機與容器/01-虛擬化平台/13-PVE-故障排除.md	050-虛擬機與容器/01-虛擬化平台/050-01-13-guide-PVE-故障排除.md
050-虛擬機與容器/01-虛擬化平台/14-PVE-建立練習環境.md	050-虛擬機與容器/01-虛擬化平台/050-01-14-guide-PVE-建立練習環境.md
050-虛擬機與容器/02-容器化/00-容器化-索引.md	050-虛擬機與容器/02-容器化/050-02-00-idx-容器化.md
050-虛擬機與容器/02-容器化/01-Docker/00-Docker-索引.md	050-虛擬機與容器/02-容器化/01-Docker/050-02-01-00-idx-Docker.md
050-虛擬機與容器/02-容器化/01-Docker/01-容器概念與Docker安裝.md	050-虛擬機與容器/02-容器化/01-Docker/050-02-01-01-svc-Docker-容器概念與Docker安裝.md
050-虛擬機與容器/02-容器化/01-Docker/02-Docker-映像與容器操作.md	050-虛擬機與容器/02-容器化/01-Docker/050-02-01-02-cmd-Docker-映像與容器操作.md
050-虛擬機與容器/02-容器化/01-Docker/03-Dockerfile撰寫.md	050-虛擬機與容器/02-容器化/01-Docker/050-02-01-03-guide-Docker-Dockerfile撰寫.md
050-虛擬機與容器/02-容器化/01-Docker/04-Docker-資料卷與持久化.md	050-虛擬機與容器/02-容器化/01-Docker/050-02-01-04-guide-Docker-資料卷與持久化.md
050-虛擬機與容器/02-容器化/01-Docker/05-Docker-網路.md	050-虛擬機與容器/02-容器化/01-Docker/050-02-01-05-guide-Docker-網路.md
050-虛擬機與容器/02-容器化/01-Docker/06-Docker-多階段建置與映像優化.md	050-虛擬機與容器/02-容器化/01-Docker/050-02-01-06-svc-Docker-多階段建置與映像優化.md
050-虛擬機與容器/02-容器化/01-Docker/07-Docker-資源限制與日誌.md	050-虛擬機與容器/02-容器化/01-Docker/050-02-01-07-guide-Docker-資源限制與日誌.md
050-虛擬機與容器/02-容器化/01-Docker/08-Docker-安全實務.md	050-虛擬機與容器/02-容器化/01-Docker/050-02-01-08-guide-Docker-安全實務.md
050-虛擬機與容器/02-容器化/02-DockerCompose/00-Compose-索引.md	050-虛擬機與容器/02-容器化/02-DockerCompose/050-02-02-00-idx-Compose.md
050-虛擬機與容器/02-容器化/02-DockerCompose/01-Compose-語法基礎.md	050-虛擬機與容器/02-容器化/02-DockerCompose/050-02-02-01-guide-Compose-語法基礎.md
050-虛擬機與容器/02-容器化/02-DockerCompose/02-Compose-多服務編排實戰.md	050-虛擬機與容器/02-容器化/02-DockerCompose/050-02-02-02-guide-Compose-多服務編排實戰.md
050-虛擬機與容器/02-容器化/02-DockerCompose/03-Compose-環境變數與多環境.md	050-虛擬機與容器/02-容器化/02-DockerCompose/050-02-02-03-guide-Compose-環境變數與多環境.md
050-虛擬機與容器/02-容器化/02-DockerCompose/04-Compose-網路與健康檢查.md	050-虛擬機與容器/02-容器化/02-DockerCompose/050-02-02-04-guide-Compose-網路與健康檢查.md
050-虛擬機與容器/02-容器化/02-DockerCompose/05-Compose-問題排查.md	050-虛擬機與容器/02-容器化/02-DockerCompose/050-02-02-05-guide-Compose-問題排查.md
050-虛擬機與容器/02-容器化/03-Compose範例集/00-Compose範例集-索引.md	050-虛擬機與容器/02-容器化/03-Compose範例集/050-02-03-00-idx-範例-Compose範例集.md
050-虛擬機與容器/02-容器化/03-Compose範例集/01-範例-Nginx-PHP-MySQL.md	050-虛擬機與容器/02-容器化/03-Compose範例集/050-02-03-01-guide-範例-Nginx-PHP-MySQL.md
050-虛擬機與容器/02-容器化/03-Compose範例集/02-範例-Laravel完整堆疊.md	050-虛擬機與容器/02-容器化/03-Compose範例集/050-02-03-02-guide-範例-Laravel完整堆疊.md
050-虛擬機與容器/02-容器化/03-Compose範例集/03-範例-Nuxt與PostgreSQL.md	050-虛擬機與容器/02-容器化/03-Compose範例集/050-02-03-03-guide-範例-Nuxt與PostgreSQL.md
050-虛擬機與容器/02-容器化/03-Compose範例集/04-範例-Ollama-OpenWebUI-Qdrant.md	050-虛擬機與容器/02-容器化/03-Compose範例集/050-02-03-04-guide-範例-Ollama-OpenWebUI-Qdrant.md
050-虛擬機與容器/02-容器化/03-Compose範例集/05-範例-GoAccess日誌分析.md	050-虛擬機與容器/02-容器化/03-Compose範例集/050-02-03-05-guide-範例-GoAccess日誌分析.md
050-虛擬機與容器/02-容器化/03-Compose範例集/06-範例-反向代理閘道.md	050-虛擬機與容器/02-容器化/03-Compose範例集/050-02-03-06-guide-範例-反向代理閘道.md
060-軟體與開發工具/00-軟體與開發工具-總覽-索引.md	060-軟體與開發工具/060-00-idx-軟體與開發工具總覽.md
060-軟體與開發工具/01-常用工具/00-常用工具-索引.md	060-軟體與開發工具/01-常用工具/060-01-00-idx-常用工具.md
060-軟體與開發工具/01-常用工具/01-Git/00-Git-索引.md	060-軟體與開發工具/01-常用工具/01-Git/060-01-01-00-idx-Git.md
060-軟體與開發工具/01-常用工具/01-Git/01-Git-觀念與初次設定.md	060-軟體與開發工具/01-常用工具/01-Git/060-01-01-01-guide-Git-觀念與初次設定.md
060-軟體與開發工具/01-常用工具/01-Git/02-Git-基本工作流程.md	060-軟體與開發工具/01-常用工具/01-Git/060-01-01-02-guide-Git-基本工作流程.md
060-軟體與開發工具/01-常用工具/01-Git/03-Git-分支與合併.md	060-軟體與開發工具/01-常用工具/01-Git/060-01-01-03-guide-Git-分支與合併.md
060-軟體與開發工具/01-常用工具/01-Git/04-Git-遠端協作.md	060-軟體與開發工具/01-常用工具/01-Git/060-01-01-04-guide-Git-遠端協作.md
060-軟體與開發工具/01-常用工具/01-Git/05-Git-回復與重寫歷史.md	060-軟體與開發工具/01-常用工具/01-Git/060-01-01-05-guide-Git-回復與重寫歷史.md
060-軟體與開發工具/01-常用工具/01-Git/06-Git-標籤與版本發布.md	060-軟體與開發工具/01-常用工具/01-Git/060-01-01-06-guide-Git-標籤與版本發布.md
060-軟體與開發工具/01-常用工具/01-Git/07-Git-進階技巧.md	060-軟體與開發工具/01-常用工具/01-Git/060-01-01-07-guide-Git-進階技巧.md
060-軟體與開發工具/01-常用工具/01-Git/08-Git-伺服器端與自動部署.md	060-軟體與開發工具/01-常用工具/01-Git/060-01-01-08-guide-Git-伺服器端與自動部署.md
060-軟體與開發工具/01-常用工具/01-Git/09-Git-團隊規範與實戰情境.md	060-軟體與開發工具/01-常用工具/01-Git/060-01-01-09-guide-Git-團隊規範與實戰情境.md
060-軟體與開發工具/01-常用工具/01-Git/10-Git-flow完整實戰.md	060-軟體與開發工具/01-常用工具/01-Git/060-01-01-10-guide-Git-flow完整實戰.md
060-軟體與開發工具/01-常用工具/02-編輯器/00-編輯器-索引.md	060-軟體與開發工具/01-常用工具/02-編輯器/060-01-02-00-idx-編輯器.md
060-軟體與開發工具/01-常用工具/02-編輯器/01-Nano-快速上手.md	060-軟體與開發工具/01-常用工具/02-編輯器/060-01-02-01-guide-Nano-快速上手.md
060-軟體與開發工具/01-常用工具/02-編輯器/02-Vim-基礎操作.md	060-軟體與開發工具/01-常用工具/02-編輯器/060-01-02-02-cmd-Vim-基礎操作.md
060-軟體與開發工具/01-常用工具/02-編輯器/03-Vim-進階與設定.md	060-軟體與開發工具/01-常用工具/02-編輯器/060-01-02-03-guide-Vim-進階與設定.md
060-軟體與開發工具/01-常用工具/02-編輯器/04-遠端編輯與VSCode-Remote.md	060-軟體與開發工具/01-常用工具/02-編輯器/060-01-02-04-guide-編輯器-遠端編輯與VSCode-Remote.md
060-軟體與開發工具/01-常用工具/03-系統監控/00-系統監控-索引.md	060-軟體與開發工具/01-常用工具/03-系統監控/060-01-03-00-idx-系統監控.md
060-軟體與開發工具/01-常用工具/03-系統監控/01-htop-操作與判讀.md	060-軟體與開發工具/01-常用工具/03-系統監控/060-01-03-01-guide-htop-操作與判讀.md
060-軟體與開發工具/01-常用工具/03-系統監控/02-btop-操作與設定.md	060-軟體與開發工具/01-常用工具/03-系統監控/060-01-03-02-guide-btop-操作與設定.md
060-軟體與開發工具/01-常用工具/03-系統監控/03-資源診斷工具集.md	060-軟體與開發工具/01-常用工具/03-系統監控/060-01-03-03-guide-監控-資源診斷工具集.md
060-軟體與開發工具/01-常用工具/03-系統監控/04-效能瓶頸排查方法論.md	060-軟體與開發工具/01-常用工具/03-系統監控/060-01-03-04-guide-監控-效能瓶頸排查方法論.md
060-軟體與開發工具/01-常用工具/04-網路診斷/00-網路診斷-索引.md	060-軟體與開發工具/01-常用工具/04-網路診斷/060-01-04-00-idx-網路診斷.md
060-軟體與開發工具/01-常用工具/04-網路診斷/01-tcpdump-基礎抓包.md	060-軟體與開發工具/01-常用工具/04-網路診斷/060-01-04-01-guide-tcpdump-基礎抓包.md
060-軟體與開發工具/01-常用工具/04-網路診斷/02-tcpdump-進階過濾與實戰.md	060-軟體與開發工具/01-常用工具/04-網路診斷/060-01-04-02-guide-tcpdump-進階過濾與實戰.md
060-軟體與開發工具/01-常用工具/04-網路診斷/03-ss-netstat-與lsof.md	060-軟體與開發工具/01-常用工具/04-網路診斷/060-01-04-03-guide-ss-netstat-與lsof.md
060-軟體與開發工具/01-常用工具/04-網路診斷/04-nmap-埠掃描與盤點.md	060-軟體與開發工具/01-常用工具/04-網路診斷/060-01-04-04-guide-nmap-埠掃描與盤點.md
060-軟體與開發工具/01-常用工具/04-網路診斷/05-curl-與HTTP除錯.md	060-軟體與開發工具/01-常用工具/04-網路診斷/060-01-04-05-guide-curl-與HTTP除錯.md
060-軟體與開發工具/01-常用工具/04-網路診斷/06-dig-與DNS排查.md	060-軟體與開發工具/01-常用工具/04-網路診斷/060-01-04-06-guide-dig-與DNS排查.md
060-軟體與開發工具/01-常用工具/05-終端機工作流/00-終端機工作流-索引.md	060-軟體與開發工具/01-常用工具/05-終端機工作流/060-01-05-00-idx-終端機工作流.md
060-軟體與開發工具/01-常用工具/05-終端機工作流/01-tmux-工作階段管理.md	060-軟體與開發工具/01-常用工具/05-終端機工作流/060-01-05-01-guide-tmux-工作階段管理.md
060-軟體與開發工具/01-常用工具/05-終端機工作流/02-screen-快速上手.md	060-軟體與開發工具/01-常用工具/05-終端機工作流/060-01-05-02-guide-screen-快速上手.md
060-軟體與開發工具/01-常用工具/05-終端機工作流/03-Bash與Zsh效率設定.md	060-軟體與開發工具/01-常用工具/05-終端機工作流/060-01-05-03-guide-終端機-Bash與Zsh效率設定.md
060-軟體與開發工具/01-常用工具/05-終端機工作流/04-現代CLI工具集.md	060-軟體與開發工具/01-常用工具/05-終端機工作流/060-01-05-04-guide-終端機-現代CLI工具集.md
060-軟體與開發工具/01-常用工具/06-檔案傳輸與同步/00-檔案傳輸-索引.md	060-軟體與開發工具/01-常用工具/06-檔案傳輸與同步/060-01-06-00-idx-檔案傳輸.md
060-軟體與開發工具/01-常用工具/06-檔案傳輸與同步/01-scp與sftp傳輸.md	060-軟體與開發工具/01-常用工具/06-檔案傳輸與同步/060-01-06-01-guide-傳輸-scp與sftp傳輸.md
060-軟體與開發工具/01-常用工具/06-檔案傳輸與同步/02-rsync-同步與備份.md	060-軟體與開發工具/01-常用工具/06-檔案傳輸與同步/060-01-06-02-guide-rsync-同步與備份.md
060-軟體與開發工具/01-常用工具/06-檔案傳輸與同步/03-備份策略與還原演練.md	060-軟體與開發工具/01-常用工具/06-檔案傳輸與同步/060-01-06-03-guide-傳輸-備份策略與還原演練.md
060-軟體與開發工具/02-Web伺服器/00-Web伺服器-索引.md	060-軟體與開發工具/02-Web伺服器/060-02-00-idx-Web伺服器.md
060-軟體與開發工具/02-Web伺服器/01-Web伺服器概論.md	060-軟體與開發工具/02-Web伺服器/060-02-01-guide-Web-Web伺服器概論.md
060-軟體與開發工具/02-Web伺服器/02-Nginx/00-Nginx-索引.md	060-軟體與開發工具/02-Web伺服器/02-Nginx/060-02-02-00-idx-Nginx.md
060-軟體與開發工具/02-Web伺服器/02-Nginx/01-Nginx-安裝與目錄結構.md	060-軟體與開發工具/02-Web伺服器/02-Nginx/060-02-02-01-guide-Nginx-安裝與目錄結構.md
060-軟體與開發工具/02-Web伺服器/02-Nginx/02-Nginx-設定語法與虛擬主機.md	060-軟體與開發工具/02-Web伺服器/02-Nginx/060-02-02-02-guide-Nginx-設定語法與虛擬主機.md
060-軟體與開發工具/02-Web伺服器/02-Nginx/03-Nginx-location與rewrite.md	060-軟體與開發工具/02-Web伺服器/02-Nginx/060-02-02-03-guide-Nginx-location與rewrite.md
060-軟體與開發工具/02-Web伺服器/02-Nginx/04-Nginx-反向代理與負載平衡.md	060-軟體與開發工具/02-Web伺服器/02-Nginx/060-02-02-04-guide-Nginx-反向代理與負載平衡.md
060-軟體與開發工具/02-Web伺服器/02-Nginx/05-Nginx-靜態資源與快取.md	060-軟體與開發工具/02-Web伺服器/02-Nginx/060-02-02-05-guide-Nginx-靜態資源與快取.md
060-軟體與開發工具/02-Web伺服器/02-Nginx/06-Nginx-HTTPS與Certbot.md	060-軟體與開發工具/02-Web伺服器/02-Nginx/060-02-02-06-guide-Nginx-HTTPS與Certbot.md
060-軟體與開發工具/02-Web伺服器/02-Nginx/07-Nginx-日誌與除錯.md	060-軟體與開發工具/02-Web伺服器/02-Nginx/060-02-02-07-guide-Nginx-日誌與除錯.md
060-軟體與開發工具/02-Web伺服器/02-Nginx/08-Nginx-效能調校.md	060-軟體與開發工具/02-Web伺服器/02-Nginx/060-02-02-08-guide-Nginx-效能調校.md
060-軟體與開發工具/02-Web伺服器/02-Nginx/09-Nginx-安全設定.md	060-軟體與開發工具/02-Web伺服器/02-Nginx/060-02-02-09-guide-Nginx-安全設定.md
060-軟體與開發工具/02-Web伺服器/03-Apache/00-Apache-索引.md	060-軟體與開發工具/02-Web伺服器/03-Apache/060-02-03-00-idx-Apache.md
060-軟體與開發工具/02-Web伺服器/03-Apache/01-Apache-安裝與目錄結構.md	060-軟體與開發工具/02-Web伺服器/03-Apache/060-02-03-01-guide-Apache-安裝與目錄結構.md
060-軟體與開發工具/02-Web伺服器/03-Apache/02-Apache-VirtualHost設定.md	060-軟體與開發工具/02-Web伺服器/03-Apache/060-02-03-02-guide-Apache-VirtualHost設定.md
060-軟體與開發工具/02-Web伺服器/03-Apache/03-Apache-模組與MPM.md	060-軟體與開發工具/02-Web伺服器/03-Apache/060-02-03-03-guide-Apache-模組與MPM.md
060-軟體與開發工具/02-Web伺服器/03-Apache/04-Apache-htaccess與Rewrite.md	060-軟體與開發工具/02-Web伺服器/03-Apache/060-02-03-04-guide-Apache-htaccess與Rewrite.md
060-軟體與開發工具/02-Web伺服器/03-Apache/05-Apache-HTTPS設定.md	060-軟體與開發工具/02-Web伺服器/03-Apache/060-02-03-05-guide-Apache-HTTPS設定.md
060-軟體與開發工具/02-Web伺服器/03-Apache/06-Apache-與PHP整合.md	060-軟體與開發工具/02-Web伺服器/03-Apache/060-02-03-06-guide-Apache-與PHP整合.md
060-軟體與開發工具/02-Web伺服器/03-Apache/07-Apache-安全與效能.md	060-軟體與開發工具/02-Web伺服器/03-Apache/060-02-03-07-guide-Apache-安全與效能.md
060-軟體與開發工具/02-Web伺服器/04-Nginx與Apache選型與共存.md	060-軟體與開發工具/02-Web伺服器/060-02-04-guide-Web-Nginx與Apache選型與共存.md
060-軟體與開發工具/02-Web伺服器/05-MyGuard套件庫與Angie/00-MyGuard與Angie-索引.md	060-軟體與開發工具/02-Web伺服器/05-MyGuard套件庫與Angie/060-02-05-00-idx-MyGuard與Angie.md
060-軟體與開發工具/02-Web伺服器/05-MyGuard套件庫與Angie/01-MyGuard套件庫介紹.md	060-軟體與開發工具/02-Web伺服器/05-MyGuard套件庫與Angie/060-02-05-01-guide-MyGuard-MyGuard套件庫介紹.md
060-軟體與開發工具/02-Web伺服器/05-MyGuard套件庫與Angie/02-Angie伺服器入門.md	060-軟體與開發工具/02-Web伺服器/05-MyGuard套件庫與Angie/060-02-05-02-guide-MyGuard-Angie伺服器入門.md
060-軟體與開發工具/02-Web伺服器/05-MyGuard套件庫與Angie/03-autocert自動憑證模組.md	060-軟體與開發工具/02-Web伺服器/05-MyGuard套件庫與Angie/060-02-05-03-guide-MyGuard-autocert自動憑證模組.md
060-軟體與開發工具/02-Web伺服器/05-MyGuard套件庫與Angie/04-http-shield攻擊攔截.md	060-軟體與開發工具/02-Web伺服器/05-MyGuard套件庫與Angie/060-02-05-04-guide-http-shield攻擊攔截.md
060-軟體與開發工具/02-Web伺服器/05-MyGuard套件庫與Angie/05-error-abuse與sentinel.md	060-軟體與開發工具/02-Web伺服器/05-MyGuard套件庫與Angie/060-02-05-05-guide-error-abuse與sentinel.md
060-軟體與開發工具/02-Web伺服器/05-MyGuard套件庫與Angie/06-cache-turbo與壓縮模組.md	060-軟體與開發工具/02-Web伺服器/05-MyGuard套件庫與Angie/060-02-05-06-guide-cache-turbo與壓縮模組.md
060-軟體與開發工具/02-Web伺服器/05-MyGuard套件庫與Angie/07-動態模組管理.md	060-軟體與開發工具/02-Web伺服器/05-MyGuard套件庫與Angie/060-02-05-07-guide-MyGuard-動態模組管理.md
060-軟體與開發工具/02-Web伺服器/05-MyGuard套件庫與Angie/08-MyGuard實戰組合.md	060-軟體與開發工具/02-Web伺服器/05-MyGuard套件庫與Angie/060-02-05-08-guide-MyGuard-MyGuard實戰組合.md
060-軟體與開發工具/03-應用執行環境/00-應用執行環境-索引.md	060-軟體與開發工具/03-應用執行環境/060-03-00-idx-應用執行環境.md
060-軟體與開發工具/03-應用執行環境/01-PHP/00-PHP-索引.md	060-軟體與開發工具/03-應用執行環境/01-PHP/060-03-01-00-idx-PHP.md
060-軟體與開發工具/03-應用執行環境/01-PHP/01-PHP-安裝與多版本管理.md	060-軟體與開發工具/03-應用執行環境/01-PHP/060-03-01-01-guide-PHP-安裝與多版本管理.md
060-軟體與開發工具/03-應用執行環境/01-PHP/02-PHP-FPM設定與Pool調校.md	060-軟體與開發工具/03-應用執行環境/01-PHP/060-03-01-02-guide-PHP-FPM設定與Pool調校.md
060-軟體與開發工具/03-應用執行環境/01-PHP/03-PHP-ini重要參數.md	060-軟體與開發工具/03-應用執行環境/01-PHP/060-03-01-03-guide-PHP-ini重要參數.md
060-軟體與開發工具/03-應用執行環境/01-PHP/04-Composer-套件管理.md	060-軟體與開發工具/03-應用執行環境/01-PHP/060-03-01-04-guide-Composer-套件管理.md
060-軟體與開發工具/03-應用執行環境/01-PHP/05-PHP-OPcache與效能.md	060-軟體與開發工具/03-應用執行環境/01-PHP/060-03-01-05-guide-PHP-OPcache與效能.md
060-軟體與開發工具/03-應用執行環境/01-PHP/06-PHP-安全設定.md	060-軟體與開發工具/03-應用執行環境/01-PHP/060-03-01-06-guide-PHP-安全設定.md
060-軟體與開發工具/03-應用執行環境/02-Node.js/00-Node-索引.md	060-軟體與開發工具/03-應用執行環境/02-Node.js/060-03-02-00-idx-Node.md
060-軟體與開發工具/03-應用執行環境/02-Node.js/01-Node-安裝與版本管理.md	060-軟體與開發工具/03-應用執行環境/02-Node.js/060-03-02-01-guide-Node-安裝與版本管理.md
060-軟體與開發工具/03-應用執行環境/02-Node.js/02-npm-pnpm-yarn套件管理.md	060-軟體與開發工具/03-應用執行環境/02-Node.js/060-03-02-02-guide-npm-pnpm-yarn套件管理.md
060-軟體與開發工具/03-應用執行環境/02-Node.js/03-PM2-程序管理入門.md	060-軟體與開發工具/03-應用執行環境/02-Node.js/060-03-02-03-guide-PM2-程序管理入門.md
060-軟體與開發工具/03-應用執行環境/02-Node.js/04-PM2-進階設定與部署.md	060-軟體與開發工具/03-應用執行環境/02-Node.js/060-03-02-04-guide-PM2-進階設定與部署.md
060-軟體與開發工具/03-應用執行環境/03-Python執行環境.md	060-軟體與開發工具/03-應用執行環境/060-03-03-guide-執行環境-Python執行環境.md
060-軟體與開發工具/04-資料庫與資料儲存/00-資料庫-索引.md	060-軟體與開發工具/04-資料庫與資料儲存/060-04-00-idx-資料庫.md
060-軟體與開發工具/04-資料庫與資料儲存/01-MySQL/00-MySQL-索引.md	060-軟體與開發工具/04-資料庫與資料儲存/01-MySQL/060-04-01-00-idx-MySQL.md
060-軟體與開發工具/04-資料庫與資料儲存/01-MySQL/01-MySQL-安裝與初始化.md	060-軟體與開發工具/04-資料庫與資料儲存/01-MySQL/060-04-01-01-svc-MySQL-安裝與初始化.md
060-軟體與開發工具/04-資料庫與資料儲存/01-MySQL/02-MySQL-使用者與權限.md	060-軟體與開發工具/04-資料庫與資料儲存/01-MySQL/060-04-01-02-cmd-MySQL-使用者與權限.md
060-軟體與開發工具/04-資料庫與資料儲存/01-MySQL/03-SQL基礎操作.md	060-軟體與開發工具/04-資料庫與資料儲存/01-MySQL/060-04-01-03-cmd-MySQL-SQL基礎操作.md
060-軟體與開發工具/04-資料庫與資料儲存/01-MySQL/04-MySQL-設定檔與調校.md	060-軟體與開發工具/04-資料庫與資料儲存/01-MySQL/060-04-01-04-svc-MySQL-設定檔與調校.md
060-軟體與開發工具/04-資料庫與資料儲存/01-MySQL/05-MySQL-備份與還原.md	060-軟體與開發工具/04-資料庫與資料儲存/01-MySQL/060-04-01-05-svc-MySQL-備份與還原.md
060-軟體與開發工具/04-資料庫與資料儲存/01-MySQL/06-MySQL-主從複寫.md	060-軟體與開發工具/04-資料庫與資料儲存/01-MySQL/060-04-01-06-svc-MySQL-主從複寫.md
060-軟體與開發工具/04-資料庫與資料儲存/01-MySQL/07-MySQL-安全強化.md	060-軟體與開發工具/04-資料庫與資料儲存/01-MySQL/060-04-01-07-svc-MySQL-安全強化.md
060-軟體與開發工具/04-資料庫與資料儲存/02-PostgreSQL/00-PostgreSQL-索引.md	060-軟體與開發工具/04-資料庫與資料儲存/02-PostgreSQL/060-04-02-00-idx-PostgreSQL.md
060-軟體與開發工具/04-資料庫與資料儲存/02-PostgreSQL/01-PostgreSQL-安裝與初始化.md	060-軟體與開發工具/04-資料庫與資料儲存/02-PostgreSQL/060-04-02-01-svc-PostgreSQL-安裝與初始化.md
060-軟體與開發工具/04-資料庫與資料儲存/02-PostgreSQL/02-PostgreSQL-角色與權限.md	060-軟體與開發工具/04-資料庫與資料儲存/02-PostgreSQL/060-04-02-02-cmd-PostgreSQL-角色與權限.md
060-軟體與開發工具/04-資料庫與資料儲存/02-PostgreSQL/03-psql-操作與常用指令.md	060-軟體與開發工具/04-資料庫與資料儲存/02-PostgreSQL/060-04-02-03-cmd-psql-操作與常用指令.md
060-軟體與開發工具/04-資料庫與資料儲存/02-PostgreSQL/04-PostgreSQL-設定檔與pg_hba.md	060-軟體與開發工具/04-資料庫與資料儲存/02-PostgreSQL/060-04-02-04-svc-PostgreSQL-設定檔與pg_hba.md
060-軟體與開發工具/04-資料庫與資料儲存/02-PostgreSQL/05-PostgreSQL-備份與還原.md	060-軟體與開發工具/04-資料庫與資料儲存/02-PostgreSQL/060-04-02-05-svc-PostgreSQL-備份與還原.md
060-軟體與開發工具/04-資料庫與資料儲存/02-PostgreSQL/06-PostgreSQL-效能調校與索引.md	060-軟體與開發工具/04-資料庫與資料儲存/02-PostgreSQL/060-04-02-06-svc-PostgreSQL-效能調校與索引.md
060-軟體與開發工具/04-資料庫與資料儲存/02-PostgreSQL/07-PostgreSQL-複寫與高可用.md	060-軟體與開發工具/04-資料庫與資料儲存/02-PostgreSQL/060-04-02-07-svc-PostgreSQL-複寫與高可用.md
060-軟體與開發工具/04-資料庫與資料儲存/02-PostgreSQL/08-PostgreSQL-安全強化.md	060-軟體與開發工具/04-資料庫與資料儲存/02-PostgreSQL/060-04-02-08-svc-PostgreSQL-安全強化.md
060-軟體與開發工具/04-資料庫與資料儲存/03-Qdrant/00-Qdrant-索引.md	060-軟體與開發工具/04-資料庫與資料儲存/03-Qdrant/060-04-03-00-idx-Qdrant.md
060-軟體與開發工具/04-資料庫與資料儲存/03-Qdrant/01-向量資料庫概念.md	060-軟體與開發工具/04-資料庫與資料儲存/03-Qdrant/060-04-03-01-guide-Qdrant-向量資料庫概念.md
060-軟體與開發工具/04-資料庫與資料儲存/03-Qdrant/02-Qdrant-安裝與啟動.md	060-軟體與開發工具/04-資料庫與資料儲存/03-Qdrant/060-04-03-02-svc-Qdrant-安裝與啟動.md
060-軟體與開發工具/04-資料庫與資料儲存/03-Qdrant/03-Qdrant-Collection與資料操作.md	060-軟體與開發工具/04-資料庫與資料儲存/03-Qdrant/060-04-03-03-cmd-Qdrant-Collection與資料操作.md
060-軟體與開發工具/04-資料庫與資料儲存/03-Qdrant/04-Qdrant-搜尋過濾與Payload.md	060-軟體與開發工具/04-資料庫與資料儲存/03-Qdrant/060-04-03-04-guide-Qdrant-搜尋過濾與Payload.md
060-軟體與開發工具/04-資料庫與資料儲存/03-Qdrant/05-Qdrant-效能與快照備份.md	060-軟體與開發工具/04-資料庫與資料儲存/03-Qdrant/060-04-03-05-guide-Qdrant-效能與快照備份.md
060-軟體與開發工具/04-資料庫與資料儲存/03-Qdrant/06-Qdrant-安全與API金鑰.md	060-軟體與開發工具/04-資料庫與資料儲存/03-Qdrant/060-04-03-06-guide-Qdrant-安全與API金鑰.md
060-軟體與開發工具/04-資料庫與資料儲存/04-Redis快取入門.md	060-軟體與開發工具/04-資料庫與資料儲存/060-04-04-svc-DB-Redis快取入門.md
070-系統及工具開發/00-系統及工具開發-總覽-索引.md	070-系統及工具開發/070-00-idx-系統及工具開發總覽.md
070-系統及工具開發/01-前端基礎/00-前端基礎-索引.md	070-系統及工具開發/01-前端基礎/070-01-00-idx-前端基礎.md
070-系統及工具開發/01-前端基礎/01-HTML結構與語意.md	070-系統及工具開發/01-前端基礎/070-01-01-svc-前端-HTML結構與語意.md
070-系統及工具開發/01-前端基礎/02-CSS版面與排版.md	070-系統及工具開發/01-前端基礎/070-01-02-cmd-前端-CSS版面與排版.md
070-系統及工具開發/01-前端基礎/03-JavaScript基礎.md	070-系統及工具開發/01-前端基礎/070-01-03-cmd-前端-JavaScript基礎.md
070-系統及工具開發/01-前端基礎/04-JavaScript非同步與API.md	070-系統及工具開發/01-前端基礎/070-01-04-cmd-前端-JavaScript非同步與API.md
070-系統及工具開發/01-前端基礎/05-TypeScript入門.md	070-系統及工具開發/01-前端基礎/070-01-05-cmd-前端-TypeScript入門.md
070-系統及工具開發/01-前端基礎/06-前端建置工具與套件管理.md	070-系統及工具開發/01-前端基礎/070-01-06-svc-前端-前端建置工具與套件管理.md
070-系統及工具開發/01-前端基礎/07-瀏覽器開發者工具.md	070-系統及工具開發/01-前端基礎/070-01-07-cmd-前端-瀏覽器開發者工具.md
070-系統及工具開發/02-Vue與Nuxt/00-Vue與Nuxt-索引.md	070-系統及工具開發/02-Vue與Nuxt/070-02-00-idx-Vue與Nuxt.md
070-系統及工具開發/02-Vue與Nuxt/01-Vue3基礎與組合式API.md	070-系統及工具開發/02-Vue與Nuxt/070-02-01-guide-Vue-Vue3基礎與組合式API.md
070-系統及工具開發/02-Vue與Nuxt/02-Vue元件與Props事件.md	070-系統及工具開發/02-Vue與Nuxt/070-02-02-guide-Vue-Vue元件與Props事件.md
070-系統及工具開發/02-Vue與Nuxt/03-VueRouter路由.md	070-系統及工具開發/02-Vue與Nuxt/070-02-03-guide-Vue-VueRouter路由.md
070-系統及工具開發/02-Vue與Nuxt/04-Pinia狀態管理.md	070-系統及工具開發/02-Vue與Nuxt/070-02-04-guide-Vue-Pinia狀態管理.md
070-系統及工具開發/02-Vue與Nuxt/05-Vue專案結構與最佳實務.md	070-系統及工具開發/02-Vue與Nuxt/070-02-05-guide-Vue-Vue專案結構與最佳實務.md
070-系統及工具開發/02-Vue與Nuxt/06-Nuxt3基礎與檔案式路由.md	070-系統及工具開發/02-Vue與Nuxt/070-02-06-guide-Vue-Nuxt3基礎與檔案式路由.md
070-系統及工具開發/02-Vue與Nuxt/07-Nuxt渲染模式與資料抓取.md	070-系統及工具開發/02-Vue與Nuxt/070-02-07-guide-Vue-Nuxt渲染模式與資料抓取.md
070-系統及工具開發/02-Vue與Nuxt/08-Nuxt伺服器端API與中介層.md	070-系統及工具開發/02-Vue與Nuxt/070-02-08-guide-Vue-Nuxt伺服器端API與中介層.md
070-系統及工具開發/03-PHP與Laravel/00-PHP與Laravel-索引.md	070-系統及工具開發/03-PHP與Laravel/070-03-00-idx-Laravel-PHP與Laravel.md
070-系統及工具開發/03-PHP與Laravel/01-PHP語法基礎.md	070-系統及工具開發/03-PHP與Laravel/070-03-01-guide-Laravel-PHP語法基礎.md
070-系統及工具開發/03-PHP與Laravel/02-PHP物件導向與Composer.md	070-系統及工具開發/03-PHP與Laravel/070-03-02-guide-Laravel-PHP物件導向與Composer.md
070-系統及工具開發/03-PHP與Laravel/03-Laravel架構與路由.md	070-系統及工具開發/03-PHP與Laravel/070-03-03-guide-Laravel-Laravel架構與路由.md
070-系統及工具開發/03-PHP與Laravel/04-Laravel-Eloquent與資料庫.md	070-系統及工具開發/03-PHP與Laravel/070-03-04-guide-Laravel-Eloquent與資料庫.md
070-系統及工具開發/03-PHP與Laravel/05-Laravel-驗證授權與表單.md	070-系統及工具開發/03-PHP與Laravel/070-03-05-guide-Laravel-驗證授權與表單.md
070-系統及工具開發/03-PHP與Laravel/06-Laravel-佇列排程與事件.md	070-系統及工具開發/03-PHP與Laravel/070-03-06-guide-Laravel-佇列排程與事件.md
070-系統及工具開發/03-PHP與Laravel/07-Laravel-API與資源.md	070-系統及工具開發/03-PHP與Laravel/070-03-07-guide-Laravel-API與資源.md
070-系統及工具開發/03-PHP與Laravel/08-Laravel後台方案選型.md	070-系統及工具開發/03-PHP與Laravel/070-03-08-guide-Laravel-Laravel後台方案選型.md
070-系統及工具開發/03-PHP與Laravel/09-Filament開發實務.md	070-系統及工具開發/03-PHP與Laravel/070-03-09-guide-Laravel-Filament開發實務.md
070-系統及工具開發/03-PHP與Laravel/10-Nova開發實務.md	070-系統及工具開發/03-PHP與Laravel/070-03-10-guide-Laravel-Nova開發實務.md
070-系統及工具開發/03-PHP與Laravel/11-Laravel測試與除錯.md	070-系統及工具開發/03-PHP與Laravel/070-03-11-guide-Laravel-Laravel測試與除錯.md
070-系統及工具開發/04-Python開發/00-Python開發-索引.md	070-系統及工具開發/04-Python開發/070-04-00-idx-Python開發.md
070-系統及工具開發/04-Python開發/01-Python語法基礎.md	070-系統及工具開發/04-Python開發/070-04-01-guide-Python-Python語法基礎.md
070-系統及工具開發/04-Python開發/02-Python檔案與例外處理.md	070-系統及工具開發/04-Python開發/070-04-02-guide-Python-Python檔案與例外處理.md
070-系統及工具開發/04-Python開發/03-Python虛擬環境與套件管理.md	070-系統及工具開發/04-Python開發/070-04-03-guide-Python-Python虛擬環境與套件管理.md
070-系統及工具開發/04-Python開發/04-Python維運腳本實戰.md	070-系統及工具開發/04-Python開發/070-04-04-guide-Python-Python維運腳本實戰.md
070-系統及工具開發/04-Python開發/05-pandas資料處理.md	070-系統及工具開發/04-Python開發/070-04-05-guide-Python-pandas資料處理.md
070-系統及工具開發/04-Python開發/06-Excel與報表產出.md	070-系統及工具開發/04-Python開發/070-04-06-guide-Python-Excel與報表產出.md
070-系統及工具開發/04-Python開發/07-requests與API串接.md	070-系統及工具開發/04-Python開發/070-04-07-guide-Python-requests與API串接.md
070-系統及工具開發/04-Python開發/08-Python服務化與部署.md	070-系統及工具開發/04-Python開發/070-04-08-svc-Python-Python服務化與部署.md
070-系統及工具開發/05-Shell與PowerShell/00-Shell與PowerShell-索引.md	070-系統及工具開發/05-Shell與PowerShell/070-05-00-idx-Shell與PowerShell.md
070-系統及工具開發/05-Shell與PowerShell/01-Bash腳本結構與安全預設.md	070-系統及工具開發/05-Shell與PowerShell/070-05-01-guide-Shell-Bash腳本結構與安全預設.md
070-系統及工具開發/05-Shell與PowerShell/02-Bash參數處理與函式.md	070-系統及工具開發/05-Shell與PowerShell/070-05-02-guide-Shell-Bash參數處理與函式.md
070-系統及工具開發/05-Shell與PowerShell/03-Bash除錯與靜態檢查.md	070-系統及工具開發/05-Shell與PowerShell/070-05-03-guide-Shell-Bash除錯與靜態檢查.md
070-系統及工具開發/05-Shell與PowerShell/04-PowerShell基礎與物件管線.md	070-系統及工具開發/05-Shell與PowerShell/070-05-04-guide-Shell-PowerShell基礎與物件管線.md
070-系統及工具開發/05-Shell與PowerShell/05-PowerShell腳本與模組.md	070-系統及工具開發/05-Shell與PowerShell/070-05-05-guide-Shell-PowerShell腳本與模組.md
070-系統及工具開發/05-Shell與PowerShell/06-PowerShell遠端管理與AD操作.md	070-系統及工具開發/05-Shell與PowerShell/070-05-06-cmd-Shell-PowerShell遠端管理與AD操作.md
070-系統及工具開發/05-Shell與PowerShell/07-Bash與PowerShell對照.md	070-系統及工具開發/05-Shell與PowerShell/070-05-07-guide-Shell-Bash與PowerShell對照.md
070-系統及工具開發/06-自動化測試/00-自動化測試-索引.md	070-系統及工具開發/06-自動化測試/070-06-00-idx-自動化測試.md
070-系統及工具開發/06-自動化測試/01-瀏覽器自動化概論.md	070-系統及工具開發/06-自動化測試/070-06-01-guide-測試-瀏覽器自動化概論.md
070-系統及工具開發/06-自動化測試/02-元素定位與等待策略.md	070-系統及工具開發/06-自動化測試/070-06-02-guide-測試-元素定位與等待策略.md
070-系統及工具開發/06-自動化測試/03-Playwright入門與實戰.md	070-系統及工具開發/06-自動化測試/070-06-03-cmd-測試-Playwright入門與實戰.md
070-系統及工具開發/06-自動化測試/04-Playwright進階應用.md	070-系統及工具開發/06-自動化測試/070-06-04-guide-測試-Playwright進階應用.md
070-系統及工具開發/06-自動化測試/05-Selenium入門與維護.md	070-系統及工具開發/06-自動化測試/070-06-05-cmd-測試-Selenium入門與維護.md
070-系統及工具開發/06-自動化測試/06-無頭執行與CI整合.md	070-系統及工具開發/06-自動化測試/070-06-06-guide-測試-無頭執行與CI整合.md
070-系統及工具開發/06-自動化測試/07-自動化健康檢查實戰.md	070-系統及工具開發/06-自動化測試/070-06-07-guide-測試-自動化健康檢查實戰.md
070-系統及工具開發/07-n8n流程自動化/00-n8n流程自動化-索引.md	070-系統及工具開發/07-n8n流程自動化/070-07-00-idx-n8n流程自動化.md
070-系統及工具開發/07-n8n流程自動化/01-n8n概論與授權.md	070-系統及工具開發/07-n8n流程自動化/070-07-01-guide-n8n-n8n概論與授權.md
070-系統及工具開發/07-n8n流程自動化/02-n8n部署與環境準備.md	070-系統及工具開發/07-n8n流程自動化/070-07-02-svc-n8n-n8n部署與環境準備.md
070-系統及工具開發/07-n8n流程自動化/03-n8n資料庫與環境變數.md	070-系統及工具開發/07-n8n流程自動化/070-07-03-guide-n8n-n8n資料庫與環境變數.md
070-系統及工具開發/07-n8n流程自動化/04-n8n反向代理與HTTPS.md	070-系統及工具開發/07-n8n流程自動化/070-07-04-guide-n8n-n8n反向代理與HTTPS.md
070-系統及工具開發/07-n8n流程自動化/05-n8n安全強化.md	070-系統及工具開發/07-n8n流程自動化/070-07-05-guide-n8n-n8n安全強化.md
070-系統及工具開發/07-n8n流程自動化/06-n8n基本操作與第一個流程.md	070-系統及工具開發/07-n8n流程自動化/070-07-06-cmd-n8n-n8n基本操作與第一個流程.md
070-系統及工具開發/07-n8n流程自動化/07-n8n資料流與核心節點.md	070-系統及工具開發/07-n8n流程自動化/070-07-07-guide-n8n-n8n資料流與核心節點.md
070-系統及工具開發/07-n8n流程自動化/08-n8n進階應用與錯誤處理.md	070-系統及工具開發/07-n8n流程自動化/070-07-08-guide-n8n-n8n進階應用與錯誤處理.md
070-系統及工具開發/07-n8n流程自動化/09-n8n維運與備份升級.md	070-系統及工具開發/07-n8n流程自動化/070-07-09-svc-n8n-n8n維運與備份升級.md
070-系統及工具開發/07-n8n流程自動化/10-n8n疑難排解.md	070-系統及工具開發/07-n8n流程自動化/070-07-10-guide-n8n-n8n疑難排解.md
070-系統及工具開發/07-n8n流程自動化/11-n8n維運自動化實戰.md	070-系統及工具開發/07-n8n流程自動化/070-07-11-guide-n8n-n8n維運自動化實戰.md
080-專案管理/00-專案管理-總覽-索引.md	080-專案管理/080-00-idx-專案管理-總覽.md
080-專案管理/01-專案管理基礎/00-專案管理基礎-索引.md	080-專案管理/01-專案管理基礎/080-01-00-idx-專案管理基礎.md
080-專案管理/01-專案管理基礎/01-資訊專案的生命週期.md	080-專案管理/01-專案管理基礎/080-01-01-guide-專管-資訊專案的生命週期.md
080-專案管理/01-專案管理基礎/02-範疇時程與資源規劃.md	080-專案管理/01-專案管理基礎/080-01-02-guide-專管-範疇時程與資源規劃.md
080-專案管理/01-專案管理基礎/03-風險與變更管理.md	080-專案管理/01-專案管理基礎/080-01-03-guide-專管-風險與變更管理.md
080-專案管理/01-專案管理基礎/04-機關採購案實務.md	080-專案管理/01-專案管理基礎/080-01-04-guide-專管-機關採購案實務.md
080-專案管理/01-專案管理基礎/05-驗收與交付管理.md	080-專案管理/01-專案管理基礎/080-01-05-guide-專管-驗收與交付管理.md
080-專案管理/01-專案管理基礎/06-敏捷與看板實務.md	080-專案管理/01-專案管理基礎/080-01-06-guide-專管-敏捷與看板實務.md
080-專案管理/02-需求與規格管理/00-需求與規格管理-索引.md	080-專案管理/02-需求與規格管理/080-02-00-idx-需求與規格管理.md
080-專案管理/02-需求與規格管理/01-需求訪談與釐清.md	080-專案管理/02-需求與規格管理/080-02-01-guide-需求-需求訪談與釐清.md
080-專案管理/02-需求與規格管理/02-使用案例與流程圖.md	080-專案管理/02-需求與規格管理/080-02-02-guide-需求-使用案例與流程圖.md
080-專案管理/02-需求與規格管理/03-規格文件撰寫.md	080-專案管理/02-需求與規格管理/080-02-03-guide-需求-規格文件撰寫.md
080-專案管理/02-需求與規格管理/04-驗收準則與測試案例.md	080-專案管理/02-需求與規格管理/080-02-04-guide-需求-驗收準則與測試案例.md
080-專案管理/02-需求與規格管理/05-需求變更與追溯.md	080-專案管理/02-需求與規格管理/080-02-05-guide-需求-需求變更與追溯.md
080-專案管理/03-版本與發布管理/00-版本與發布管理-索引.md	080-專案管理/03-版本與發布管理/080-03-00-idx-發布-版本與發布管理.md
080-專案管理/03-版本與發布管理/01-環境分離與設定管理.md	080-專案管理/03-版本與發布管理/080-03-01-guide-發布-環境分離與設定管理.md
080-專案管理/03-版本與發布管理/02-分支策略與git-flow.md	080-專案管理/03-版本與發布管理/080-03-02-guide-發布-分支策略與git-flow.md
080-專案管理/03-版本與發布管理/03-發布流程與變更時窗.md	080-專案管理/03-版本與發布管理/080-03-03-guide-發布-發布流程與變更時窗.md
080-專案管理/03-版本與發布管理/04-上線檢查表與回退計畫.md	080-專案管理/03-版本與發布管理/080-03-04-guide-發布-上線檢查表與回退計畫.md
080-專案管理/03-版本與發布管理/05-CI-CD流程設計.md	080-專案管理/03-版本與發布管理/080-03-05-guide-CI-CD流程設計.md
080-專案管理/04-協作與知識管理/00-協作與知識管理-索引.md	080-專案管理/04-協作與知識管理/080-04-00-idx-協作與知識管理.md
080-專案管理/04-協作與知識管理/01-工單與服務管理.md	080-專案管理/04-協作與知識管理/080-04-01-guide-協作-工單與服務管理.md
080-專案管理/04-協作與知識管理/02-知識庫建置與維護.md	080-專案管理/04-協作與知識管理/080-04-02-svc-協作-知識庫建置與維護.md
080-專案管理/04-協作與知識管理/03-技術文件撰寫實務.md	080-專案管理/04-協作與知識管理/080-04-03-guide-協作-技術文件撰寫實務.md
080-專案管理/04-協作與知識管理/04-團隊協作與溝通.md	080-專案管理/04-協作與知識管理/080-04-04-guide-協作-團隊協作與溝通.md
090-資訊安全/00-資訊安全-總覽-索引.md	090-資訊安全/090-00-idx-資訊安全-總覽.md
090-資訊安全/01-憑證與PKI/00-憑證與PKI-索引.md	090-資訊安全/01-憑證與PKI/090-01-00-idx-PKI-憑證與PKI.md
090-資訊安全/01-憑證與PKI/01-PKI與憑證基礎.md	090-資訊安全/01-憑證與PKI/090-01-01-guide-PKI-PKI與憑證基礎.md
090-資訊安全/01-憑證與PKI/02-CSR產生與req設定檔.md	090-資訊安全/01-憑證與PKI/090-01-02-guide-PKI-CSR產生與req設定檔.md
090-資訊安全/01-憑證與PKI/03-向CA申請憑證.md	090-資訊安全/01-憑證與PKI/090-01-03-guide-PKI-向CA申請憑證.md
090-資訊安全/01-憑證與PKI/04-CN與SAN設定與瀏覽器相容性.md	090-資訊安全/01-憑證與PKI/090-01-04-guide-PKI-CN與SAN設定與瀏覽器相容性.md
090-資訊安全/01-憑證與PKI/05-自簽憑證快速產生.md	090-資訊安全/01-憑證與PKI/090-01-05-guide-PKI-自簽憑證快速產生.md
090-資訊安全/01-憑證與PKI/06-自建根CA.md	090-資訊安全/01-憑證與PKI/090-01-06-guide-PKI-自建根CA.md
090-資訊安全/01-憑證與PKI/07-自建中繼CA與憑證鏈.md	090-資訊安全/01-憑證與PKI/090-01-07-guide-PKI-自建中繼CA與憑證鏈.md
090-資訊安全/01-憑證與PKI/08-用自建CA簽發伺服器憑證.md	090-資訊安全/01-憑證與PKI/090-01-08-guide-PKI-用自建CA簽發伺服器憑證.md
090-資訊安全/01-憑證與PKI/09-根憑證派送與信任.md	090-資訊安全/01-憑證與PKI/090-01-09-guide-PKI-根憑證派送與信任.md
090-資訊安全/01-憑證與PKI/10-憑證部署到各服務.md	090-資訊安全/01-憑證與PKI/090-01-10-guide-PKI-憑證部署到各服務.md
090-資訊安全/01-憑證與PKI/11-憑證格式轉換與檢視工具.md	090-資訊安全/01-憑證與PKI/090-01-11-guide-PKI-憑證格式轉換與檢視工具.md
090-資訊安全/01-憑證與PKI/12-憑證生命週期管理.md	090-資訊安全/01-憑證與PKI/090-01-12-guide-PKI-憑證生命週期管理.md
090-資訊安全/01-憑證與PKI/13-憑證常見問題排查.md	090-資訊安全/01-憑證與PKI/090-01-13-guide-PKI-憑證常見問題排查.md
090-資訊安全/02-系統與網路防護/00-系統與網路防護-索引.md	090-資訊安全/02-系統與網路防護/090-02-00-idx-防護-系統與網路防護.md
090-資訊安全/02-系統與網路防護/01-伺服器初始安全設定.md	090-資訊安全/02-系統與網路防護/090-02-01-guide-防護-伺服器初始安全設定.md
090-資訊安全/02-系統與網路防護/02-防火牆-ufw基礎與實務.md	090-資訊安全/02-系統與網路防護/090-02-02-guide-防火牆-ufw基礎與實務.md
090-資訊安全/02-系統與網路防護/03-防火牆-nftables與iptables.md	090-資訊安全/02-系統與網路防護/090-02-03-guide-防火牆-nftables與iptables.md
090-資訊安全/02-系統與網路防護/04-防火牆-firewalld.md	090-資訊安全/02-系統與網路防護/090-02-04-guide-防火牆-firewalld.md
090-資訊安全/02-系統與網路防護/05-Fail2ban入侵防護.md	090-資訊安全/02-系統與網路防護/090-02-05-guide-防護-Fail2ban入侵防護.md
090-資訊安全/02-系統與網路防護/06-遠端存取安全.md	090-資訊安全/02-系統與網路防護/090-02-06-guide-防護-遠端存取安全.md
090-資訊安全/02-系統與網路防護/07-SELinux與AppArmor.md	090-資訊安全/02-系統與網路防護/090-02-07-guide-防護-SELinux與AppArmor.md
090-資訊安全/02-系統與網路防護/08-系統強化與稽核.md	090-資訊安全/02-系統與網路防護/090-02-08-guide-防護-系統強化與稽核.md
090-資訊安全/03-應用與資料安全/00-應用與資料安全-索引.md	090-資訊安全/03-應用與資料安全/090-03-00-idx-應用安全-應用與資料安全.md
090-資訊安全/03-應用與資料安全/01-TLS憑證與HTTPS實務.md	090-資訊安全/03-應用與資料安全/090-03-01-guide-應用安全-TLS憑證與HTTPS實務.md
090-資訊安全/03-應用與資料安全/02-應用層安全.md	090-資訊安全/03-應用與資料安全/090-03-02-guide-應用安全-應用層安全.md
090-資訊安全/03-應用與資料安全/03-機密管理與金鑰保護.md	090-資訊安全/03-應用與資料安全/090-03-03-guide-應用安全-機密管理與金鑰保護.md
090-資訊安全/03-應用與資料安全/04-備份災難復原與入侵應變.md	090-資訊安全/03-應用與資料安全/090-03-04-guide-應用安全-備份災難復原與入侵應變.md
090-資訊安全/04-WAF與ModSecurity/00-ModSecurity-索引.md	090-資訊安全/04-WAF與ModSecurity/090-04-00-idx-ModSecurity.md
090-資訊安全/04-WAF與ModSecurity/01-WAF概念與ModSecurity安裝.md	090-資訊安全/04-WAF與ModSecurity/090-04-01-svc-WAF-WAF概念與ModSecurity安裝.md
090-資訊安全/04-WAF與ModSecurity/02-OWASP-CRS規則集.md	090-資訊安全/04-WAF與ModSecurity/090-04-02-guide-OWASP-CRS規則集.md
090-資訊安全/04-WAF與ModSecurity/03-ModSecurity-規則調校與誤判處理.md	090-資訊安全/04-WAF與ModSecurity/090-04-03-svc-ModSecurity-規則調校與誤判處理.md
090-資訊安全/04-WAF與ModSecurity/04-ModSecurity-日誌分析與監控.md	090-資訊安全/04-WAF與ModSecurity/090-04-04-guide-ModSecurity-日誌分析與監控.md
090-資訊安全/04-WAF與ModSecurity/05-ModSecurity-效能與實戰情境.md	090-資訊安全/04-WAF與ModSecurity/090-04-05-guide-ModSecurity-效能與實戰情境.md
090-資訊安全/05-資安防護設備與軟體/00-資安防護設備-索引.md	090-資訊安全/05-資安防護設備與軟體/090-05-00-idx-資安防護設備.md
090-資訊安全/05-資安防護設備與軟體/01-資安全景圖與縱深防禦.md	090-資訊安全/05-資安防護設備與軟體/090-05-01-guide-資安設備-資安全景圖與縱深防禦.md
090-資訊安全/05-資安防護設備與軟體/02-防火牆與次世代防火牆.md	090-資訊安全/05-資安防護設備與軟體/090-05-02-guide-資安設備-防火牆與次世代防火牆.md
090-資訊安全/05-資安防護設備與軟體/03-入侵偵測與防禦IDS-IPS.md	090-資訊安全/05-資安防護設備與軟體/090-05-03-guide-資安設備-入侵偵測與防禦IDS-IPS.md
090-資訊安全/05-資安防護設備與軟體/04-Web應用防火牆WAF.md	090-資訊安全/05-資安防護設備與軟體/090-05-04-guide-資安設備-Web應用防火牆WAF.md
090-資訊安全/05-資安防護設備與軟體/05-端點防護AV-EDR-XDR.md	090-資訊安全/05-資安防護設備與軟體/090-05-05-guide-資安設備-端點防護AV-EDR-XDR.md
090-資訊安全/05-資安防護設備與軟體/06-郵件與網頁閘道防護.md	090-資訊安全/05-資安防護設備與軟體/090-05-06-guide-資安設備-郵件與網頁閘道防護.md
090-資訊安全/05-資安防護設備與軟體/07-身分存取管理IAM與MFA.md	090-資訊安全/05-資安防護設備與軟體/090-05-07-guide-資安設備-身分存取管理IAM與MFA.md
090-資訊安全/05-資安防護設備與軟體/08-資料防護DLP與加密.md	090-資訊安全/05-資安防護設備與軟體/090-05-08-guide-資安設備-資料防護DLP與加密.md
090-資訊安全/05-資安防護設備與軟體/09-日誌集中與SIEM.md	090-資訊安全/05-資安防護設備與軟體/090-05-09-guide-資安設備-日誌集中與SIEM.md
090-資訊安全/05-資安防護設備與軟體/10-弱點管理與滲透測試工具.md	090-資訊安全/05-資安防護設備與軟體/090-05-10-guide-資安設備-弱點管理與滲透測試工具.md
090-資訊安全/05-資安防護設備與軟體/11-DDoS防護與CDN.md	090-資訊安全/05-資安防護設備與軟體/090-05-11-guide-資安設備-DDoS防護與CDN.md
090-資訊安全/05-資安防護設備與軟體/12-零信任架構與微分段.md	090-資訊安全/05-資安防護設備與軟體/090-05-12-guide-資安設備-零信任架構與微分段.md
090-資訊安全/05-資安防護設備與軟體/13-網路存取控制NAC與802.1X.md	090-資訊安全/05-資安防護設備與軟體/090-05-13-guide-資安設備-網路存取控制NAC與802.1X.md
090-資訊安全/05-資安防護設備與軟體/14-備份與抗勒索防護.md	090-資訊安全/05-資安防護設備與軟體/090-05-14-guide-資安設備-備份與抗勒索防護.md
090-資訊安全/05-資安防護設備與軟體/15-實體與OT-IoT安全設備.md	090-資訊安全/05-資安防護設備與軟體/090-05-15-guide-資安設備-實體與OT-IoT安全設備.md
090-資訊安全/05-資安防護設備與軟體/16-資安設備選型與導入實務.md	090-資訊安全/05-資安防護設備與軟體/090-05-16-guide-資安設備-資安設備選型與導入實務.md
090-資訊安全/06-TWGCB政府組態基準/00-TWGCB-索引.md	090-資訊安全/06-TWGCB政府組態基準/090-06-00-idx-TWGCB.md
090-資訊安全/06-TWGCB政府組態基準/01-TWGCB概念與法規要求.md	090-資訊安全/06-TWGCB政府組態基準/090-06-01-guide-TWGCB-TWGCB概念與法規要求.md
090-資訊安全/06-TWGCB政府組態基準/02-TWGCB-Linux基準文件解讀.md	090-資訊安全/06-TWGCB政府組態基準/090-06-02-guide-TWGCB-Linux基準文件解讀.md
090-資訊安全/06-TWGCB政府組態基準/03-TWGCB-Linux項目分類詳解.md	090-資訊安全/06-TWGCB政府組態基準/090-06-03-guide-TWGCB-Linux項目分類詳解.md
090-資訊安全/06-TWGCB政府組態基準/04-TWGCB-Linux本機導入.md	090-資訊安全/06-TWGCB政府組態基準/090-06-04-guide-TWGCB-Linux本機導入.md
090-資訊安全/06-TWGCB政府組態基準/05-TWGCB-Linux網域導入.md	090-資訊安全/06-TWGCB政府組態基準/090-06-05-guide-TWGCB-Linux網域導入.md
090-資訊安全/06-TWGCB政府組態基準/06-TWGCB-Linux大量派送.md	090-資訊安全/06-TWGCB政府組態基準/090-06-06-guide-TWGCB-Linux大量派送.md
090-資訊安全/06-TWGCB政府組態基準/07-TWGCB-Linux檢測與符合性報告.md	090-資訊安全/06-TWGCB政府組態基準/090-06-07-guide-TWGCB-Linux檢測與符合性報告.md
090-資訊安全/06-TWGCB政府組態基準/08-TWGCB-Linux誤判與服務衝突處理.md	090-資訊安全/06-TWGCB政府組態基準/090-06-08-guide-TWGCB-Linux誤判與服務衝突處理.md
090-資訊安全/06-TWGCB政府組態基準/09-TWGCB-Windows與應用軟體.md	090-資訊安全/06-TWGCB政府組態基準/090-06-09-guide-TWGCB-Windows與應用軟體.md
090-資訊安全/07-資安實踐與規範/00-資安實踐與規範-索引.md	090-資訊安全/07-資安實踐與規範/090-07-00-idx-資安實踐與規範.md
090-資訊安全/07-資安實踐與規範/01-資安基本原則與實踐.md	090-資訊安全/07-資安實踐與規範/090-07-01-guide-資安實踐-資安基本原則與實踐.md
090-資訊安全/07-資安實踐與規範/02-密碼與帳號管理實務.md	090-資訊安全/07-資安實踐與規範/090-07-02-guide-資安實踐-密碼與帳號管理實務.md
090-資訊安全/07-資安實踐與規範/03-弱點與修補管理流程.md	090-資訊安全/07-資安實踐與規範/090-07-03-guide-資安實踐-弱點與修補管理流程.md
090-資訊安全/07-資安實踐與規範/04-資安事件應變流程.md	090-資訊安全/07-資安實踐與規範/090-07-04-guide-資安實踐-資安事件應變流程.md
090-資訊安全/07-資安實踐與規範/05-ISO27001與ISMS.md	090-資訊安全/07-資安實踐與規範/090-07-05-guide-資安實踐-ISO27001與ISMS.md
090-資訊安全/07-資安實踐與規範/06-NIST-CSF與CIS-Controls.md	090-資訊安全/07-資安實踐與規範/090-07-06-guide-NIST-CSF與CIS-Controls.md
090-資訊安全/07-資安實踐與規範/07-台灣資安法規與個資法.md	090-資訊安全/07-資安實踐與規範/090-07-07-guide-資安實踐-台灣資安法規與個資法.md
090-資訊安全/07-資安實踐與規範/08-產業規範與國際法遵.md	090-資訊安全/07-資安實踐與規範/090-07-08-guide-資安實踐-產業規範與國際法遵.md
090-資訊安全/07-資安實踐與規範/09-資安稽核與符合性檢核.md	090-資訊安全/07-資安實踐與規範/090-07-09-guide-資安實踐-資安稽核與符合性檢核.md
090-資訊安全/07-資安實踐與規範/10-資安政策文件與制度.md	090-資訊安全/07-資安實踐與規範/090-07-10-guide-資安實踐-資安政策文件與制度.md
090-資訊安全/07-資安實踐與規範/11-委外與供應鏈資安.md	090-資訊安全/07-資安實踐與規範/090-07-11-guide-資安實踐-委外與供應鏈資安.md
090-資訊安全/07-資安實踐與規範/12-資安意識與社交工程防範.md	090-資訊安全/07-資安實踐與規範/090-07-12-guide-資安實踐-資安意識與社交工程防範.md
090-資訊安全/07-資安實踐與規範/13-資安證照與學習路徑.md	090-資訊安全/07-資安實踐與規範/090-07-13-svc-資安實踐-資安證照與學習路徑.md
090-資訊安全/08-Wazuh資安監控/00-Wazuh資安監控-索引.md	090-資訊安全/08-Wazuh資安監控/090-08-00-idx-Wazuh資安監控.md
090-資訊安全/08-Wazuh資安監控/01-Wazuh架構與安裝.md	090-資訊安全/08-Wazuh資安監控/090-08-01-svc-Wazuh-Wazuh架構與安裝.md
090-資訊安全/08-Wazuh資安監控/02-Wazuh-Dashboard操作.md	090-資訊安全/08-Wazuh資安監控/090-08-02-cmd-Wazuh-Dashboard操作.md
090-資訊安全/08-Wazuh資安監控/03-Wazuh-Agent部署與群組管理.md	090-資訊安全/08-Wazuh資安監控/090-08-03-svc-Wazuh-Agent部署與群組管理.md
090-資訊安全/08-Wazuh資安監控/04-Wazuh-FIM檔案完整性監控.md	090-資訊安全/08-Wazuh資安監控/090-08-04-guide-Wazuh-FIM檔案完整性監控.md
090-資訊安全/08-Wazuh資安監控/05-Wazuh-日誌蒐集與解析.md	090-資訊安全/08-Wazuh資安監控/090-08-05-guide-Wazuh-日誌蒐集與解析.md
090-資訊安全/08-Wazuh資安監控/06-Wazuh-SCA安全組態評估.md	090-資訊安全/08-Wazuh資安監控/090-08-06-guide-Wazuh-SCA安全組態評估.md
090-資訊安全/08-Wazuh資安監控/07-Wazuh-弱點偵測.md	090-資訊安全/08-Wazuh資安監控/090-08-07-guide-Wazuh-弱點偵測.md
090-資訊安全/08-Wazuh資安監控/08-Wazuh-惡意程式偵測.md	090-資訊安全/08-Wazuh資安監控/090-08-08-guide-Wazuh-惡意程式偵測.md
090-資訊安全/08-Wazuh資安監控/09-Wazuh-自訂規則與解碼器.md	090-資訊安全/08-Wazuh資安監控/090-08-09-guide-Wazuh-自訂規則與解碼器.md
090-資訊安全/08-Wazuh資安監控/10-Wazuh-主動回應.md	090-資訊安全/08-Wazuh資安監控/090-08-10-guide-Wazuh-主動回應.md
090-資訊安全/08-Wazuh資安監控/11-Wazuh-TWGCB合規檢測實作.md	090-資訊安全/08-Wazuh資安監控/090-08-11-guide-Wazuh-TWGCB合規檢測實作.md
090-資訊安全/08-Wazuh資安監控/12-Wazuh-法規遵循與報表.md	090-資訊安全/08-Wazuh資安監控/090-08-12-guide-Wazuh-法規遵循與報表.md
090-資訊安全/08-Wazuh資安監控/13-Wazuh-升級與版本管理.md	090-資訊安全/08-Wazuh資安監控/090-08-13-svc-Wazuh-升級與版本管理.md
090-資訊安全/08-Wazuh資安監控/14-Wazuh-備份與還原.md	090-資訊安全/08-Wazuh資安監控/090-08-14-svc-Wazuh-備份與還原.md
090-資訊安全/08-Wazuh資安監控/15-Wazuh-叢集與高可用.md	090-資訊安全/08-Wazuh資安監控/090-08-15-svc-Wazuh-叢集與高可用.md
090-資訊安全/08-Wazuh資安監控/16-Wazuh-效能調校與保留政策.md	090-資訊安全/08-Wazuh資安監控/090-08-16-svc-Wazuh-效能調校與保留政策.md
090-資訊安全/08-Wazuh資安監控/17-Wazuh-API與外部整合.md	090-資訊安全/08-Wazuh資安監控/090-08-17-guide-Wazuh-API與外部整合.md
090-資訊安全/08-Wazuh資安監控/18-Wazuh-疑難排解.md	090-資訊安全/08-Wazuh資安監控/090-08-18-guide-Wazuh-疑難排解.md
100-系統維運/00-系統維運-總覽-索引.md	100-系統維運/100-00-idx-系統維運-總覽.md
100-系統維運/01-監控與日誌分析/00-監控與日誌-索引.md	100-系統維運/01-監控與日誌分析/100-01-00-idx-監控與日誌.md
100-系統維運/01-監控與日誌分析/01-GoAccess/00-GoAccess-索引.md	100-系統維運/01-監控與日誌分析/01-GoAccess/100-01-01-00-idx-GoAccess.md
100-系統維運/01-監控與日誌分析/01-GoAccess/01-GoAccess-安裝與基本使用.md	100-系統維運/01-監控與日誌分析/01-GoAccess/100-01-01-01-svc-GoAccess-安裝與基本使用.md
100-系統維運/01-監控與日誌分析/01-GoAccess/02-GoAccess-自訂日誌格式.md	100-系統維運/01-監控與日誌分析/01-GoAccess/100-01-01-02-guide-GoAccess-自訂日誌格式.md
100-系統維運/01-監控與日誌分析/01-GoAccess/03-GoAccess-即時報表與Nginx整合.md	100-系統維運/01-監控與日誌分析/01-GoAccess/100-01-01-03-guide-GoAccess-即時報表與Nginx整合.md
100-系統維運/01-監控與日誌分析/01-GoAccess/04-GoAccess-進階分析與排程.md	100-系統維運/01-監控與日誌分析/01-GoAccess/100-01-01-04-guide-GoAccess-進階分析與排程.md
100-系統維運/01-監控與日誌分析/02-日誌集中與輪替.md	100-系統維運/01-監控與日誌分析/100-01-02-guide-日誌-日誌集中與輪替.md
100-系統維運/01-監控與日誌分析/03-系統監控與告警.md	100-系統維運/01-監控與日誌分析/100-01-03-guide-日誌-系統監控與告警.md
100-系統維運/01-監控與日誌分析/04-健康檢查與可用性監控.md	100-系統維運/01-監控與日誌分析/100-01-04-guide-日誌-健康檢查與可用性監控.md
100-系統維運/02-維運實務/00-維運實務-索引.md	100-系統維運/02-維運實務/100-02-00-idx-維運實務.md
100-系統維運/02-維運實務/01-維運制度與角色分工.md	100-系統維運/02-維運實務/100-02-01-guide-維運-維運制度與角色分工.md
100-系統維運/02-維運實務/02-每日維護作業.md	100-系統維運/02-維運實務/100-02-02-guide-維運-每日維護作業.md
100-系統維運/02-維運實務/03-每週維護作業.md	100-系統維運/02-維運實務/100-02-03-guide-維運-每週維護作業.md
100-系統維運/02-維運實務/04-每月維護作業.md	100-系統維運/02-維運實務/100-02-04-guide-維運-每月維護作業.md
100-系統維運/02-維運實務/05-每季維護作業.md	100-系統維運/02-維運實務/100-02-05-guide-維運-每季維護作業.md
100-系統維運/02-維運實務/06-年度維護作業.md	100-系統維運/02-維運實務/100-02-06-guide-維運-年度維護作業.md
100-系統維運/02-維運實務/07-維護檢查表範本.md	100-系統維運/02-維運實務/100-02-07-ref-維運-維護檢查表範本.md
100-系統維運/02-維運實務/08-變更管理流程.md	100-系統維運/02-維運實務/100-02-08-guide-維運-變更管理流程.md
100-系統維運/02-維運實務/09-事件處理與升級流程.md	100-系統維運/02-維運實務/100-02-09-svc-維運-事件處理與升級流程.md
100-系統維運/02-維運實務/10-故障排除方法論.md	100-系統維運/02-維運實務/100-02-10-guide-維運-故障排除方法論.md
100-系統維運/02-維運實務/11-維運文件與知識庫.md	100-系統維運/02-維運實務/100-02-11-guide-維運-維運文件與知識庫.md
100-系統維運/02-維運實務/12-交接與新人上手.md	100-系統維運/02-維運實務/100-02-12-guide-維運-交接與新人上手.md
100-系統維運/02-維運實務/13-資產與授權管理.md	100-系統維運/02-維運實務/100-02-13-guide-維運-資產與授權管理.md
110-AI人工智慧/00-AI人工智慧-總覽-索引.md	110-AI人工智慧/110-00-idx-AI人工智慧總覽.md
110-AI人工智慧/01-AI服務基礎/00-AI服務-索引.md	110-AI人工智慧/01-AI服務基礎/110-01-00-idx-AI服務.md
110-AI人工智慧/01-AI服務基礎/01-地端AI系統總覽與架構規劃.md	110-AI人工智慧/01-AI服務基礎/110-01-01-guide-AI服務-地端AI系統總覽與架構規劃.md
110-AI人工智慧/01-AI服務基礎/02-AI主機作業系統與基礎環境.md	110-AI人工智慧/01-AI服務基礎/110-01-02-guide-AI服務-AI主機作業系統與基礎環境.md
110-AI人工智慧/01-AI服務基礎/03-NVIDIA驅動與CUDA環境.md	110-AI人工智慧/01-AI服務基礎/110-01-03-guide-AI服務-NVIDIA驅動與CUDA環境.md
110-AI人工智慧/01-AI服務基礎/04-AI服務的容器化部署.md	110-AI人工智慧/01-AI服務基礎/110-01-04-svc-AI服務-AI服務的容器化部署.md
110-AI人工智慧/01-AI服務基礎/05-向量資料庫與RAG架構.md	110-AI人工智慧/01-AI服務基礎/110-01-05-guide-AI服務-向量資料庫與RAG架構.md
110-AI人工智慧/01-AI服務基礎/06-AI服務的反向代理與HTTPS.md	110-AI人工智慧/01-AI服務基礎/110-01-06-guide-AI服務-AI服務的反向代理與HTTPS.md
110-AI人工智慧/01-AI服務基礎/07-AI服務效能調校.md	110-AI人工智慧/01-AI服務基礎/110-01-07-svc-AI服務-AI服務效能調校.md
110-AI人工智慧/01-AI服務基礎/08-AI服務監控與日誌.md	110-AI人工智慧/01-AI服務基礎/110-01-08-guide-AI服務-AI服務監控與日誌.md
110-AI人工智慧/01-AI服務基礎/09-AI服務備份與災難復原.md	110-AI人工智慧/01-AI服務基礎/110-01-09-guide-AI服務-AI服務備份與災難復原.md
110-AI人工智慧/01-AI服務基礎/10-AI服務安全強化與稽核.md	110-AI人工智慧/01-AI服務基礎/110-01-10-guide-AI服務-AI服務安全強化與稽核.md
110-AI人工智慧/01-AI服務基礎/11-AI服務整合實戰.md	110-AI人工智慧/01-AI服務基礎/110-01-11-guide-AI服務-AI服務整合實戰.md
110-AI人工智慧/02-Ollama/00-Ollama-索引.md	110-AI人工智慧/02-Ollama/110-02-00-idx-Ollama.md
110-AI人工智慧/02-Ollama/01-Ollama-安裝與GPU設定.md	110-AI人工智慧/02-Ollama/110-02-01-svc-Ollama-安裝與GPU設定.md
110-AI人工智慧/02-Ollama/02-Ollama-模型管理與Modelfile.md	110-AI人工智慧/02-Ollama/110-02-02-guide-Ollama-模型管理與Modelfile.md
110-AI人工智慧/02-Ollama/03-Ollama-API使用.md	110-AI人工智慧/02-Ollama/110-02-03-guide-Ollama-API使用.md
110-AI人工智慧/02-Ollama/04-Ollama-systemd與遠端存取.md	110-AI人工智慧/02-Ollama/110-02-04-guide-Ollama-systemd與遠端存取.md
110-AI人工智慧/03-OpenWebUI/00-OpenWebUI-索引.md	110-AI人工智慧/03-OpenWebUI/110-03-00-idx-OpenWebUI.md
110-AI人工智慧/03-OpenWebUI/01-OpenWebUI-原生安裝與systemd.md	110-AI人工智慧/03-OpenWebUI/110-03-01-svc-OpenWebUI-原生安裝與systemd.md
110-AI人工智慧/03-OpenWebUI/02-OpenWebUI-連接模型服務.md	110-AI人工智慧/03-OpenWebUI/110-03-02-guide-OpenWebUI-連接模型服務.md
110-AI人工智慧/03-OpenWebUI/03-OpenWebUI-使用者管理與權限.md	110-AI人工智慧/03-OpenWebUI/110-03-03-guide-OpenWebUI-使用者管理與權限.md
110-AI人工智慧/03-OpenWebUI/04-OpenWebUI-RAG與知識庫.md	110-AI人工智慧/03-OpenWebUI/110-03-04-guide-OpenWebUI-RAG與知識庫.md
110-AI人工智慧/03-OpenWebUI/05-OpenWebUI-反向代理與HTTPS.md	110-AI人工智慧/03-OpenWebUI/110-03-05-guide-OpenWebUI-反向代理與HTTPS.md
110-AI人工智慧/03-OpenWebUI/06-OpenWebUI-對話基礎與模型選擇.md	110-AI人工智慧/03-OpenWebUI/110-03-06-guide-OpenWebUI-對話基礎與模型選擇.md
110-AI人工智慧/03-OpenWebUI/07-OpenWebUI-對話進階控制.md	110-AI人工智慧/03-OpenWebUI/110-03-07-guide-OpenWebUI-對話進階控制.md
110-AI人工智慧/03-OpenWebUI/08-OpenWebUI-網頁搜尋與工具.md	110-AI人工智慧/03-OpenWebUI/110-03-08-guide-OpenWebUI-網頁搜尋與工具.md
110-AI人工智慧/03-OpenWebUI/09-OpenWebUI-生圖與語音功能.md	110-AI人工智慧/03-OpenWebUI/110-03-09-guide-OpenWebUI-生圖與語音功能.md
110-AI人工智慧/03-OpenWebUI/10-OpenWebUI-工作區Models自訂助理.md	110-AI人工智慧/03-OpenWebUI/110-03-10-guide-OpenWebUI-工作區Models自訂助理.md
110-AI人工智慧/03-OpenWebUI/11-OpenWebUI-工作區Prompts與Knowledge.md	110-AI人工智慧/03-OpenWebUI/110-03-11-guide-OpenWebUI-工作區Prompts與Knowledge.md
110-AI人工智慧/03-OpenWebUI/12-OpenWebUI-治理與稽核.md	110-AI人工智慧/03-OpenWebUI/110-03-12-guide-OpenWebUI-治理與稽核.md
110-AI人工智慧/03-OpenWebUI/13-OpenWebUI-升級與疑難排解.md	110-AI人工智慧/03-OpenWebUI/110-03-13-svc-OpenWebUI-升級與疑難排解.md
110-AI人工智慧/04-ComfyUI/00-ComfyUI-索引.md	110-AI人工智慧/04-ComfyUI/110-04-00-idx-ComfyUI.md
110-AI人工智慧/04-ComfyUI/01-ComfyUI概論與環境需求.md	110-AI人工智慧/04-ComfyUI/110-04-01-guide-ComfyUI-ComfyUI概論與環境需求.md
110-AI人工智慧/04-ComfyUI/02-ComfyUI安裝與部署.md	110-AI人工智慧/04-ComfyUI/110-04-02-svc-ComfyUI-ComfyUI安裝與部署.md
110-AI人工智慧/04-ComfyUI/03-ComfyUI模型管理.md	110-AI人工智慧/04-ComfyUI/110-04-03-guide-ComfyUI-ComfyUI模型管理.md
110-AI人工智慧/04-ComfyUI/04-ComfyUI工作流程基礎.md	110-AI人工智慧/04-ComfyUI/110-04-04-guide-ComfyUI-ComfyUI工作流程基礎.md
110-AI人工智慧/04-ComfyUI/05-ComfyUI進階工作流程.md	110-AI人工智慧/04-ComfyUI/110-04-05-guide-ComfyUI-ComfyUI進階工作流程.md
110-AI人工智慧/04-ComfyUI/06-ComfyUI自訂節點與擴充.md	110-AI人工智慧/04-ComfyUI/110-04-06-guide-ComfyUI-ComfyUI自訂節點與擴充.md
110-AI人工智慧/04-ComfyUI/07-ComfyUI-API與程式化呼叫.md	110-AI人工智慧/04-ComfyUI/110-04-07-guide-ComfyUI-API與程式化呼叫.md
110-AI人工智慧/04-ComfyUI/08-ComfyUI與OpenWebUI整合.md	110-AI人工智慧/04-ComfyUI/110-04-08-guide-ComfyUI-ComfyUI與OpenWebUI整合.md
110-AI人工智慧/04-ComfyUI/09-ComfyUI維運與安全.md	110-AI人工智慧/04-ComfyUI/110-04-09-guide-ComfyUI-ComfyUI維運與安全.md
110-AI人工智慧/05-AI輔助開發/00-AI輔助開發-索引.md	110-AI人工智慧/05-AI輔助開發/110-05-00-idx-AI開發-AI輔助開發.md
110-AI人工智慧/05-AI輔助開發/01-AI輔助開發概論與工具選型.md	110-AI人工智慧/05-AI輔助開發/110-05-01-guide-AI開發-AI輔助開發概論與工具選型.md
110-AI人工智慧/05-AI輔助開發/02-Codex-安裝與初始設定.md	110-AI人工智慧/05-AI輔助開發/110-05-02-svc-Codex-安裝與初始設定.md
110-AI人工智慧/05-AI輔助開發/03-Codex-任務委派與審閱.md	110-AI人工智慧/05-AI輔助開發/110-05-03-guide-Codex-任務委派與審閱.md
110-AI人工智慧/05-AI輔助開發/04-ClaudeCode-安裝與初始設定.md	110-AI人工智慧/05-AI輔助開發/110-05-04-svc-ClaudeCode-安裝與初始設定.md
110-AI人工智慧/05-AI輔助開發/05-ClaudeCode-核心工作流.md	110-AI人工智慧/05-AI輔助開發/110-05-05-guide-ClaudeCode-核心工作流.md
110-AI人工智慧/05-AI輔助開發/06-ClaudeCode-專案指引檔.md	110-AI人工智慧/05-AI輔助開發/110-05-06-guide-ClaudeCode-專案指引檔.md
110-AI人工智慧/05-AI輔助開發/07-ClaudeCode-斜線指令與Skills.md	110-AI人工智慧/05-AI輔助開發/110-05-07-cmd-ClaudeCode-斜線指令與Skills.md
110-AI人工智慧/05-AI輔助開發/08-ClaudeCode-子代理與MCP.md	110-AI人工智慧/05-AI輔助開發/110-05-08-guide-ClaudeCode-子代理與MCP.md
110-AI人工智慧/05-AI輔助開發/09-提示與情境工程實踐.md	110-AI人工智慧/05-AI輔助開發/110-05-09-guide-AI開發-提示與情境工程實踐.md
110-AI人工智慧/05-AI輔助開發/10-AI產出的品質控管.md	110-AI人工智慧/05-AI輔助開發/110-05-10-guide-AI開發-AI產出的品質控管.md
110-AI人工智慧/05-AI輔助開發/11-AI輔助開發的資安與合規.md	110-AI人工智慧/05-AI輔助開發/110-05-11-guide-AI開發-AI輔助開發的資安與合規.md
110-AI人工智慧/05-AI輔助開發/12-AI輔助維運實戰.md	110-AI人工智慧/05-AI輔助開發/110-05-12-guide-AI開發-AI輔助維運實戰.md
120-雲端與架構/00-雲端與架構-總覽-索引.md	120-雲端與架構/120-00-idx-雲端與架構-總覽.md
120-雲端與架構/01-雲端與架構/00-雲端與架構-索引.md	120-雲端與架構/01-雲端與架構/120-01-00-idx-雲端與架構.md
120-雲端與架構/01-雲端與架構/01-雲端服務模型與供應商.md	120-雲端與架構/01-雲端與架構/120-01-01-guide-雲端-雲端服務模型與供應商.md
120-雲端與架構/01-雲端與架構/02-責任共擔模型與雲端資安.md	120-雲端與架構/01-雲端與架構/120-01-02-guide-雲端-責任共擔模型與雲端資安.md
120-雲端與架構/01-雲端與架構/03-雲端成本與治理.md	120-雲端與架構/01-雲端與架構/120-01-03-guide-雲端-雲端成本與治理.md
120-雲端與架構/01-雲端與架構/04-高可用與負載平衡架構.md	120-雲端與架構/01-雲端與架構/120-01-04-svc-雲端-高可用與負載平衡架構.md
120-雲端與架構/01-雲端與架構/05-水平擴充與快取策略.md	120-雲端與架構/01-雲端與架構/120-01-05-guide-雲端-水平擴充與快取策略.md
120-雲端與架構/01-雲端與架構/06-災難復原與異地備援.md	120-雲端與架構/01-雲端與架構/120-01-06-guide-雲端-災難復原與異地備援.md
120-雲端與架構/01-雲端與架構/07-混合雲與遷移實務.md	120-雲端與架構/01-雲端與架構/120-01-07-guide-雲端-混合雲與遷移實務.md
120-雲端與架構/01-雲端與架構/08-地端與雲端選型決策.md	120-雲端與架構/01-雲端與架構/120-01-08-guide-雲端-地端與雲端選型決策.md
130-實務案例/00-實務案例-總覽-索引.md	130-實務案例/130-00-idx-實務案例-總覽.md
130-實務案例/01-專案部署實戰/00-部署實戰-索引.md	130-實務案例/01-專案部署實戰/130-01-00-idx-部署實戰.md
130-實務案例/01-專案部署實戰/01-部署共通觀念.md	130-實務案例/01-專案部署實戰/130-01-01-guide-部署-部署共通觀念.md
130-實務案例/01-專案部署實戰/02-Vue部署/00-Vue部署-索引.md	130-實務案例/01-專案部署實戰/02-Vue部署/130-01-02-00-idx-Vue部署.md
130-實務案例/01-專案部署實戰/02-Vue部署/01-Vue-建置與Nginx靜態部署.md	130-實務案例/01-專案部署實戰/02-Vue部署/130-01-02-01-guide-Vue-建置與Nginx靜態部署.md
130-實務案例/01-專案部署實戰/02-Vue部署/02-Vue-SPA路由與API代理.md	130-實務案例/01-專案部署實戰/02-Vue部署/130-01-02-02-guide-Vue-SPA路由與API代理.md
130-實務案例/01-專案部署實戰/02-Vue部署/03-Vue-Docker部署.md	130-實務案例/01-專案部署實戰/02-Vue部署/130-01-02-03-guide-Vue-Docker部署.md
130-實務案例/01-專案部署實戰/03-Nuxt部署/00-Nuxt部署-索引.md	130-實務案例/01-專案部署實戰/03-Nuxt部署/130-01-03-00-idx-Nuxt部署.md
130-實務案例/01-專案部署實戰/03-Nuxt部署/01-Nuxt-渲染模式與部署選型.md	130-實務案例/01-專案部署實戰/03-Nuxt部署/130-01-03-01-guide-Nuxt-渲染模式與部署選型.md
130-實務案例/01-專案部署實戰/03-Nuxt部署/02-Nuxt-SSR與PM2部署.md	130-實務案例/01-專案部署實戰/03-Nuxt部署/130-01-03-02-guide-Nuxt-SSR與PM2部署.md
130-實務案例/01-專案部署實戰/03-Nuxt部署/03-Nuxt-Nginx反向代理與快取.md	130-實務案例/01-專案部署實戰/03-Nuxt部署/130-01-03-03-guide-Nuxt-Nginx反向代理與快取.md
130-實務案例/01-專案部署實戰/03-Nuxt部署/04-Nuxt-Docker部署.md	130-實務案例/01-專案部署實戰/03-Nuxt部署/130-01-03-04-guide-Nuxt-Docker部署.md
130-實務案例/01-專案部署實戰/04-Laravel部署/00-Laravel部署-索引.md	130-實務案例/01-專案部署實戰/04-Laravel部署/130-01-04-00-idx-Laravel部署.md
130-實務案例/01-專案部署實戰/04-Laravel部署/01-Laravel-環境需求與安裝.md	130-實務案例/01-專案部署實戰/04-Laravel部署/130-01-04-01-guide-Laravel-環境需求與安裝.md
130-實務案例/01-專案部署實戰/04-Laravel部署/02-Laravel-Nginx與PHP-FPM設定.md	130-實務案例/01-專案部署實戰/04-Laravel部署/130-01-04-02-guide-Laravel-Nginx與PHP-FPM設定.md
130-實務案例/01-專案部署實戰/04-Laravel部署/03-Laravel-佇列排程與Supervisor.md	130-實務案例/01-專案部署實戰/04-Laravel部署/130-01-04-03-guide-Laravel-佇列排程與Supervisor.md
130-實務案例/01-專案部署實戰/04-Laravel部署/04-Laravel-快取最佳化與部署流程.md	130-實務案例/01-專案部署實戰/04-Laravel部署/130-01-04-04-guide-Laravel-快取最佳化與部署流程.md
130-實務案例/01-專案部署實戰/04-Laravel部署/05-Laravel-Filament部署.md	130-實務案例/01-專案部署實戰/04-Laravel部署/130-01-04-05-guide-Laravel-Filament部署.md
130-實務案例/01-專案部署實戰/04-Laravel部署/06-Laravel-Nova部署.md	130-實務案例/01-專案部署實戰/04-Laravel部署/130-01-04-06-guide-Laravel-Nova部署.md
130-實務案例/01-專案部署實戰/04-Laravel部署/07-Laravel-正式環境安全檢查表.md	130-實務案例/01-專案部署實戰/04-Laravel部署/130-01-04-07-guide-Laravel-正式環境安全檢查表.md
130-實務案例/01-專案部署實戰/05-前後端分離架構/00-前後端分離-索引.md	130-實務案例/01-專案部署實戰/05-前後端分離架構/130-01-05-00-idx-前後端分離.md
130-實務案例/01-專案部署實戰/05-前後端分離架構/01-前後端分離架構選型.md	130-實務案例/01-專案部署實戰/05-前後端分離架構/130-01-05-01-guide-前後端-前後端分離架構選型.md
130-實務案例/01-專案部署實戰/05-前後端分離架構/02-Laravel-API後端部署.md	130-實務案例/01-專案部署實戰/05-前後端分離架構/130-01-05-02-guide-Laravel-API後端部署.md
130-實務案例/01-專案部署實戰/05-前後端分離架構/03-跨網域與CORS設定.md	130-實務案例/01-專案部署實戰/05-前後端分離架構/130-01-05-03-guide-前後端-跨網域與CORS設定.md
130-實務案例/01-專案部署實戰/05-前後端分離架構/04-認證串接-Sanctum與JWT.md	130-實務案例/01-專案部署實戰/05-前後端分離架構/130-01-05-04-guide-認證串接-Sanctum與JWT.md
130-實務案例/01-專案部署實戰/05-前後端分離架構/05-Nginx-前後端流量分流設定.md	130-實務案例/01-專案部署實戰/05-前後端分離架構/130-01-05-05-guide-Nginx-前後端流量分流設定.md
130-實務案例/01-專案部署實戰/05-前後端分離架構/06-Vue-Laravel完整部署實戰.md	130-實務案例/01-專案部署實戰/05-前後端分離架構/130-01-05-06-guide-Vue-Laravel完整部署實戰.md
130-實務案例/01-專案部署實戰/05-前後端分離架構/07-Nuxt-Laravel-SSR完整部署實戰.md	130-實務案例/01-專案部署實戰/05-前後端分離架構/130-01-05-07-guide-Nuxt-Laravel-SSR完整部署實戰.md
130-實務案例/01-專案部署實戰/05-前後端分離架構/08-前後端分離的環境變數與建置流程.md	130-實務案例/01-專案部署實戰/05-前後端分離架構/130-01-05-08-guide-前後端-前後端分離的環境變數與建置流程.md
130-實務案例/01-專案部署實戰/05-前後端分離架構/09-前後端分離常見問題排查.md	130-實務案例/01-專案部署實戰/05-前後端分離架構/130-01-05-09-guide-前後端-前後端分離常見問題排查.md
130-實務案例/01-專案部署實戰/06-部署自動化.md	130-實務案例/01-專案部署實戰/130-01-06-guide-部署-部署自動化.md
980-附錄/00-附錄-索引.md	980-附錄/980-00-idx-附錄.md
980-附錄/01-Ubuntu與RHEL差異總表.md	980-附錄/980-01-ref-附錄-Ubuntu與RHEL差異總表.md
980-附錄/02-常見錯誤訊息對照.md	980-附錄/980-02-guide-附錄-常見錯誤訊息對照.md
980-附錄/03-實驗環境搭建.md	980-附錄/980-03-guide-附錄-實驗環境搭建.md
980-附錄/04-延伸學習資源.md	980-附錄/980-04-guide-附錄-延伸學習資源.md
980-附錄/05-國際證照地圖.md	980-附錄/980-05-ref-附錄-國際證照地圖.md
990-收件匣/00-收件匣.md	990-收件匣/990-00-idx-收件匣.md
990-收件匣/01-Obsidian開啟WSL-vault問題.md	990-收件匣/990-01-guide-收件匣-Obsidian開啟WSL-vault問題.md
